H2UEbugHgfbw65x8YJ2ZtEKaySjJWwwVhSf99L1k5d9H,11111111111111111111111111111111,GKsGtAhVhksNn5Rrp4ENrGd2cwvqvjYWi4hZFZ3PK5vF,8QZ7gRNLkBBTz4qG7gAmZyBByPA8vMw5ezSaP6RDRVLd,10000,10000,10000,10000,0,0,10000,0,0,110474433000000000,0,0,14509980544,0,0,10000000000,10000000000,1666117808,1666117814,0,100,10,100,0,1,500000,1000000,1000000,0,6,OracleSource.QuoteAsset(),MarketStatus.Active(),AssetTier.Collateral(),"ListContainer: 
    0
    0
    0
    0
    0
    0",1.0,1e-06,0,1.000001,1.000001,1666117814,1000000,1000000,1000000,1000000,0,0.0,0,"ListContainer: 
    0
    0
    0
    0
    0
    0",0.0,0,"ListContainer: 
    0
    0
    0
    0
    0
    0"
H2UEbugHgfbw65x8YJ2ZtEKaySjJWwwVhSf99L1k5d9H,11111111111111111111111111111111,GKsGtAhVhksNn5Rrp4ENrGd2cwvqvjYWi4hZFZ3PK5vF,8QZ7gRNLkBBTz4qG7gAmZyBByPA8vMw5ezSaP6RDRVLd,10000,10000,10000,10000,0,0,10000,0,0,110474433000000000,0,0,14509980544,0,0,10000000000,10000000000,1666117808,1666117814,0,100,10,100,0,1,500000,1000000,1000000,0,6,OracleSource.QuoteAsset(),MarketStatus.Active(),AssetTier.Collateral(),"ListContainer: 
    0
    0
    0
    0
    0
    0",1.0,1e-06,0,1.000001,1.000001,1666117814,1000000,1000000,1000000,1000000,0,0.0,0,"ListContainer: 
    0
    0
    0
    0
    0
    0",0.0,0,"ListContainer: 
    0
    0
    0
    0
    0
    0"
H2UEbugHgfbw65x8YJ2ZtEKaySjJWwwVhSf99L1k5d9H,11111111111111111111111111111111,GKsGtAhVhksNn5Rrp4ENrGd2cwvqvjYWi4hZFZ3PK5vF,8QZ7gRNLkBBTz4qG7gAmZyBByPA8vMw5ezSaP6RDRVLd,10000,10000,10000,10000,0,0,10000,0,0,100474433000000000,0,0,60534948467,0,0,10000000000,10000000000,1666117808,1666117850,0,100,10,100,0,1,500000,1000000,1000000,0,6,OracleSource.QuoteAsset(),MarketStatus.Active(),AssetTier.Collateral(),"ListContainer: 
    0
    0
    0
    0
    0
    0",1.0,1e-06,0,1.000001,1.000001,1666117850,1000000,1000000,1000000,1000000,0,0.0,0,"ListContainer: 
    0
    0
    0
    0
    0
    0",0.0,0,"ListContainer: 
    0
    0
    0
    0
    0
    0"
H2UEbugHgfbw65x8YJ2ZtEKaySjJWwwVhSf99L1k5d9H,11111111111111111111111111111111,GKsGtAhVhksNn5Rrp4ENrGd2cwvqvjYWi4hZFZ3PK5vF,8QZ7gRNLkBBTz4qG7gAmZyBByPA8vMw5ezSaP6RDRVLd,10000,10000,10000,10000,0,0,10000,0,0,100376307000000000,0,0,62859344256,0,0,10000000000,10000000000,1666117808,1666117852,0,100,10,100,0,1,500000,1000000,1000000,0,6,OracleSource.QuoteAsset(),MarketStatus.Active(),AssetTier.Collateral(),"ListContainer: 
    0
    0
    0
    0
    0
    0",1.0,1e-06,0,1.000001,1.000001,1666117852,1000000,1000000,1000000,1000000,0,0.0,0,"ListContainer: 
    0
    0
    0
    0
    0
    0",0.0,0,"ListContainer: 
    0
    0
    0
    0
    0
    0"
H2UEbugHgfbw65x8YJ2ZtEKaySjJWwwVhSf99L1k5d9H,11111111111111111111111111111111,GKsGtAhVhksNn5Rrp4ENrGd2cwvqvjYWi4hZFZ3PK5vF,8QZ7gRNLkBBTz4qG7gAmZyBByPA8vMw5ezSaP6RDRVLd,10000,10000,10000,10000,0,0,10000,0,0,90376307000000000,0,0,65181414804,0,0,10000000000,10000000000,1666117808,1666117854,0,100,10,100,0,1,500000,1000000,1000000,0,6,OracleSource.QuoteAsset(),MarketStatus.Active(),AssetTier.Collateral(),"ListContainer: 
    0
    0
    0
    0
    0
    0",1.0,1e-06,0,1.000001,1.000001,1666117854,1000000,1000000,1000000,1000000,0,0.0,0,"ListContainer: 
    0
    0
    0
    0
    0
    0",0.0,0,"ListContainer: 
    0
    0
    0
    0
    0
    0"
H2UEbugHgfbw65x8YJ2ZtEKaySjJWwwVhSf99L1k5d9H,11111111111111111111111111111111,GKsGtAhVhksNn5Rrp4ENrGd2cwvqvjYWi4hZFZ3PK5vF,8QZ7gRNLkBBTz4qG7gAmZyBByPA8vMw5ezSaP6RDRVLd,10000,10000,10000,10000,0,0,10000,0,0,80376307000000000,0,0,67271950119,0,0,10000000000,10000000000,1666117808,1666117856,0,100,10,100,0,1,500000,1000000,1000000,0,6,OracleSource.QuoteAsset(),MarketStatus.Active(),AssetTier.Collateral(),"ListContainer: 
    0
    0
    0
    0
    0
    0",1.0,1e-06,0,1.000001,1.000001,1666117856,1000000,1000000,1000000,1000000,0,0.0,0,"ListContainer: 
    0
    0
    0
    0
    0
    0",0.0,0,"ListContainer: 
    0
    0
    0
    0
    0
    0"
H2UEbugHgfbw65x8YJ2ZtEKaySjJWwwVhSf99L1k5d9H,11111111111111111111111111111111,GKsGtAhVhksNn5Rrp4ENrGd2cwvqvjYWi4hZFZ3PK5vF,8QZ7gRNLkBBTz4qG7gAmZyBByPA8vMw5ezSaP6RDRVLd,10000,10000,10000,10000,0,0,10000,0,0,70376307000000000,0,0,69130955560,0,0,10000000000,10000000000,1666117808,1666117858,0,100,10,100,0,1,500000,1000000,1000000,0,6,OracleSource.QuoteAsset(),MarketStatus.Active(),AssetTier.Collateral(),"ListContainer: 
    0
    0
    0
    0
    0
    0",1.0,1e-06,0,1.000001,1.000001,1666117858,1000000,1000000,1000000,1000000,0,0.0,0,"ListContainer: 
    0
    0
    0
    0
    0
    0",0.0,0,"ListContainer: 
    0
    0
    0
    0
    0
    0"
H2UEbugHgfbw65x8YJ2ZtEKaySjJWwwVhSf99L1k5d9H,11111111111111111111111111111111,GKsGtAhVhksNn5Rrp4ENrGd2cwvqvjYWi4hZFZ3PK5vF,8QZ7gRNLkBBTz4qG7gAmZyBByPA8vMw5ezSaP6RDRVLd,10000,10000,10000,10000,0,0,10000,0,0,60376307000000000,0,0,70758436487,0,0,10000000000,10000000000,1666117808,1666117860,0,100,10,100,0,1,500000,1000000,1000000,0,6,OracleSource.QuoteAsset(),MarketStatus.Active(),AssetTier.Collateral(),"ListContainer: 
    0
    0
    0
    0
    0
    0",1.0,1e-06,0,1.000001,1.000001,1666117860,1000000,1000000,1000000,1000000,0,0.0,0,"ListContainer: 
    0
    0
    0
    0
    0
    0",0.0,0,"ListContainer: 
    0
    0
    0
    0
    0
    0"
H2UEbugHgfbw65x8YJ2ZtEKaySjJWwwVhSf99L1k5d9H,11111111111111111111111111111111,GKsGtAhVhksNn5Rrp4ENrGd2cwvqvjYWi4hZFZ3PK5vF,8QZ7gRNLkBBTz4qG7gAmZyBByPA8vMw5ezSaP6RDRVLd,10000,10000,10000,10000,0,0,10000,0,0,60327667000000000,0,0,71456417374,0,0,10000000000,10000000000,1666117808,1666117861,0,100,10,100,0,1,500000,1000000,1000000,0,6,OracleSource.QuoteAsset(),MarketStatus.Active(),AssetTier.Collateral(),"ListContainer: 
    0
    0
    0
    0
    0
    0",1.0,1e-06,0,1.000001,1.000001,1666117861,1000000,1000000,1000000,1000000,0,0.0,0,"ListContainer: 
    0
    0
    0
    0
    0
    0",0.0,0,"ListContainer: 
    0
    0
    0
    0
    0
    0"
H2UEbugHgfbw65x8YJ2ZtEKaySjJWwwVhSf99L1k5d9H,11111111111111111111111111111111,GKsGtAhVhksNn5Rrp4ENrGd2cwvqvjYWi4hZFZ3PK5vF,8QZ7gRNLkBBTz4qG7gAmZyBByPA8vMw5ezSaP6RDRVLd,10000,10000,10000,10000,0,0,10000,0,0,60307757000000000,0,0,72851237064,0,0,10000000000,10000000000,1666117808,1666117863,0,100,10,100,0,1,500000,1000000,1000000,0,6,OracleSource.QuoteAsset(),MarketStatus.Active(),AssetTier.Collateral(),"ListContainer: 
    0
    0
    0
    0
    0
    0",1.0,1e-06,0,1.000001,1.000001,1666117863,1000000,1000000,1000000,1000000,0,0.0,0,"ListContainer: 
    0
    0
    0
    0
    0
    0",0.0,0,"ListContainer: 
    0
    0
    0
    0
    0
    0"
H2UEbugHgfbw65x8YJ2ZtEKaySjJWwwVhSf99L1k5d9H,11111111111111111111111111111111,GKsGtAhVhksNn5Rrp4ENrGd2cwvqvjYWi4hZFZ3PK5vF,8QZ7gRNLkBBTz4qG7gAmZyBByPA8vMw5ezSaP6RDRVLd,10000,10000,10000,10000,0,0,10000,0,0,50307757000000000,0,0,74942726848,0,0,10000000000,10000000000,1666117808,1666117866,0,100,10,100,0,1,500000,1000000,1000000,0,6,OracleSource.QuoteAsset(),MarketStatus.Active(),AssetTier.Collateral(),"ListContainer: 
    0
    0
    0
    0
    0
    0",1.0,1e-06,0,1.000001,1.000001,1666117866,1000000,1000000,1000000,1000000,0,0.0,0,"ListContainer: 
    0
    0
    0
    0
    0
    0",0.0,0,"ListContainer: 
    0
    0
    0
    0
    0
    0"
H2UEbugHgfbw65x8YJ2ZtEKaySjJWwwVhSf99L1k5d9H,11111111111111111111111111111111,GKsGtAhVhksNn5Rrp4ENrGd2cwvqvjYWi4hZFZ3PK5vF,8QZ7gRNLkBBTz4qG7gAmZyBByPA8vMw5ezSaP6RDRVLd,10000,10000,10000,10000,0,0,10000,0,0,50258904000000000,0,0,76105523475,0,0,10000000000,10000000000,1666117808,1666117868,0,100,10,100,0,1,500000,1000000,1000000,0,6,OracleSource.QuoteAsset(),MarketStatus.Active(),AssetTier.Collateral(),"ListContainer: 
    0
    0
    0
    0
    0
    0",1.0,1e-06,0,1.000001,1.000001,1666117868,1000000,1000000,1000000,1000000,0,0.0,0,"ListContainer: 
    0
    0
    0
    0
    0
    0",0.0,0,"ListContainer: 
    0
    0
    0
    0
    0
    0"
H2UEbugHgfbw65x8YJ2ZtEKaySjJWwwVhSf99L1k5d9H,11111111111111111111111111111111,GKsGtAhVhksNn5Rrp4ENrGd2cwvqvjYWi4hZFZ3PK5vF,8QZ7gRNLkBBTz4qG7gAmZyBByPA8vMw5ezSaP6RDRVLd,10000,10000,10000,10000,0,0,10000,0,0,50194042000000000,0,0,77847981756,0,0,10000000000,10000000000,1666117808,1666117871,0,100,10,100,0,1,500000,1000000,1000000,0,6,OracleSource.QuoteAsset(),MarketStatus.Active(),AssetTier.Collateral(),"ListContainer: 
    0
    0
    0
    0
    0
    0",1.0,1e-06,0,1.000001,1.000001,1666117871,1000000,1000000,1000000,1000000,0,0.0,0,"ListContainer: 
    0
    0
    0
    0
    0
    0",0.0,0,"ListContainer: 
    0
    0
    0
    0
    0
    0"
H2UEbugHgfbw65x8YJ2ZtEKaySjJWwwVhSf99L1k5d9H,11111111111111111111111111111111,GKsGtAhVhksNn5Rrp4ENrGd2cwvqvjYWi4hZFZ3PK5vF,8QZ7gRNLkBBTz4qG7gAmZyBByPA8vMw5ezSaP6RDRVLd,10000,10000,10000,10000,0,0,10000,0,0,50133510000000000,0,0,79008078840,0,0,10000000000,10000000000,1666117808,1666117873,0,100,10,100,0,1,500000,1000000,1000000,0,6,OracleSource.QuoteAsset(),MarketStatus.Active(),AssetTier.Collateral(),"ListContainer: 
    0
    0
    0
    0
    0
    0",1.0,1e-06,0,1.000001,1.000001,1666117873,1000000,1000000,1000000,1000000,0,0.0,0,"ListContainer: 
    0
    0
    0
    0
    0
    0",0.0,0,"ListContainer: 
    0
    0
    0
    0
    0
    0"
H2UEbugHgfbw65x8YJ2ZtEKaySjJWwwVhSf99L1k5d9H,11111111111111111111111111111111,GKsGtAhVhksNn5Rrp4ENrGd2cwvqvjYWi4hZFZ3PK5vF,8QZ7gRNLkBBTz4qG7gAmZyBByPA8vMw5ezSaP6RDRVLd,10000,10000,10000,10000,0,0,10000,0,0,50094905000000000,0,0,80166747866,0,0,10000000000,10000000000,1666117808,1666117875,0,100,10,100,0,1,500000,1000000,1000000,0,6,OracleSource.QuoteAsset(),MarketStatus.Active(),AssetTier.Collateral(),"ListContainer: 
    0
    0
    0
    0
    0
    0",1.0,1e-06,0,1.000001,1.000001,1666117875,1000000,1000000,1000000,1000000,0,0.0,0,"ListContainer: 
    0
    0
    0
    0
    0
    0",0.0,0,"ListContainer: 
    0
    0
    0
    0
    0
    0"
H2UEbugHgfbw65x8YJ2ZtEKaySjJWwwVhSf99L1k5d9H,11111111111111111111111111111111,GKsGtAhVhksNn5Rrp4ENrGd2cwvqvjYWi4hZFZ3PK5vF,8QZ7gRNLkBBTz4qG7gAmZyBByPA8vMw5ezSaP6RDRVLd,10000,10000,10000,10000,0,0,10000,0,0,40094905000000000,0,0,81903370722,0,0,10000000000,10000000000,1666117808,1666117878,0,100,10,100,0,1,500000,1000000,1000000,0,6,OracleSource.QuoteAsset(),MarketStatus.Active(),AssetTier.Collateral(),"ListContainer: 
    0
    0
    0
    0
    0
    0",1.0,1e-06,0,1.000001,1.000001,1666117878,1000000,1000000,1000000,1000000,0,0.0,0,"ListContainer: 
    0
    0
    0
    0
    0
    0",0.0,0,"ListContainer: 
    0
    0
    0
    0
    0
    0"
H2UEbugHgfbw65x8YJ2ZtEKaySjJWwwVhSf99L1k5d9H,11111111111111111111111111111111,GKsGtAhVhksNn5Rrp4ENrGd2cwvqvjYWi4hZFZ3PK5vF,8QZ7gRNLkBBTz4qG7gAmZyBByPA8vMw5ezSaP6RDRVLd,10000,10000,10000,10000,0,0,10000,0,0,30094905000000000,0,0,82829597612,0,0,10000000000,10000000000,1666117808,1666117880,0,100,10,100,0,1,500000,1000000,1000000,0,6,OracleSource.QuoteAsset(),MarketStatus.Active(),AssetTier.Collateral(),"ListContainer: 
    0
    0
    0
    0
    0
    0",1.0,1e-06,0,1.000001,1.000001,1666117880,1000000,1000000,1000000,1000000,0,0.0,0,"ListContainer: 
    0
    0
    0
    0
    0
    0",0.0,0,"ListContainer: 
    0
    0
    0
    0
    0
    0"
H2UEbugHgfbw65x8YJ2ZtEKaySjJWwwVhSf99L1k5d9H,11111111111111111111111111111111,GKsGtAhVhksNn5Rrp4ENrGd2cwvqvjYWi4hZFZ3PK5vF,8QZ7gRNLkBBTz4qG7gAmZyBByPA8vMw5ezSaP6RDRVLd,10000,10000,10000,10000,0,0,10000,0,0,30090860000000000,0,0,83524321580,0,0,10000000000,10000000000,1666117808,1666117882,0,100,10,100,0,1,500000,1000000,1000000,0,6,OracleSource.QuoteAsset(),MarketStatus.Active(),AssetTier.Collateral(),"ListContainer: 
    0
    0
    0
    0
    0
    0",1.0,1e-06,0,1.000001,1.000001,1666117882,1000000,1000000,1000000,1000000,0,0.0,0,"ListContainer: 
    0
    0
    0
    0
    0
    0",0.0,0,"ListContainer: 
    0
    0
    0
    0
    0
    0"
H2UEbugHgfbw65x8YJ2ZtEKaySjJWwwVhSf99L1k5d9H,11111111111111111111111111111111,GKsGtAhVhksNn5Rrp4ENrGd2cwvqvjYWi4hZFZ3PK5vF,8QZ7gRNLkBBTz4qG7gAmZyBByPA8vMw5ezSaP6RDRVLd,10000,10000,10000,10000,0,0,10000,0,0,30073641000000000,0,0,84218935832,0,0,10000000000,10000000000,1666117808,1666117884,0,100,10,100,0,1,500000,1000000,1000000,0,6,OracleSource.QuoteAsset(),MarketStatus.Active(),AssetTier.Collateral(),"ListContainer: 
    0
    0
    0
    0
    0
    0",1.0,1e-06,0,1.000001,1.000001,1666117884,1000000,1000000,1000000,1000000,0,0.0,0,"ListContainer: 
    0
    0
    0
    0
    0
    0",0.0,0,"ListContainer: 
    0
    0
    0
    0
    0
    0"
H2UEbugHgfbw65x8YJ2ZtEKaySjJWwwVhSf99L1k5d9H,11111111111111111111111111111111,GKsGtAhVhksNn5Rrp4ENrGd2cwvqvjYWi4hZFZ3PK5vF,8QZ7gRNLkBBTz4qG7gAmZyBByPA8vMw5ezSaP6RDRVLd,10000,10000,10000,10000,0,0,10000,0,0,30000000000000000,0,0,84913135417,0,0,10000000000,10000000000,1666117808,1666117886,0,100,10,100,0,1,500000,1000000,1000000,0,6,OracleSource.QuoteAsset(),MarketStatus.Active(),AssetTier.Collateral(),"ListContainer: 
    0
    0
    0
    0
    0
    0",1.0,1e-06,0,1.000001,1.000001,1666117886,1000000,1000000,1000000,1000000,0,0.0,0,"ListContainer: 
    0
    0
    0
    0
    0
    0",0.0,0,"ListContainer: 
    0
    0
    0
    0
    0
    0"
H2UEbugHgfbw65x8YJ2ZtEKaySjJWwwVhSf99L1k5d9H,11111111111111111111111111111111,GKsGtAhVhksNn5Rrp4ENrGd2cwvqvjYWi4hZFZ3PK5vF,8QZ7gRNLkBBTz4qG7gAmZyBByPA8vMw5ezSaP6RDRVLd,10000,10000,10000,10000,0,0,10000,0,0,20000000000000000,0,0,85605614280,0,0,10000000000,10000000000,1666117808,1666117888,0,100,10,100,0,1,500000,1000000,1000000,0,6,OracleSource.QuoteAsset(),MarketStatus.Active(),AssetTier.Collateral(),"ListContainer: 
    0
    0
    0
    0
    0
    0",1.0,1e-06,0,1.000001,1.000001,1666117888,1000000,1000000,1000000,1000000,0,0.0,0,"ListContainer: 
    0
    0
    0
    0
    0
    0",0.0,0,"ListContainer: 
    0
    0
    0
    0
    0
    0"
H2UEbugHgfbw65x8YJ2ZtEKaySjJWwwVhSf99L1k5d9H,11111111111111111111111111111111,GKsGtAhVhksNn5Rrp4ENrGd2cwvqvjYWi4hZFZ3PK5vF,8QZ7gRNLkBBTz4qG7gAmZyBByPA8vMw5ezSaP6RDRVLd,10000,10000,10000,10000,0,0,10000,0,0,10000000000000000,0,0,86066595632,0,0,10000000000,10000000000,1666117808,1666117890,0,100,10,100,0,1,500000,1000000,1000000,0,6,OracleSource.QuoteAsset(),MarketStatus.Active(),AssetTier.Collateral(),"ListContainer: 
    0
    0
    0
    0
    0
    0",1.0,1e-06,0,1.000001,1.000001,1666117890,1000000,1000000,1000000,1000000,0,0.0,0,"ListContainer: 
    0
    0
    0
    0
    0
    0",0.0,0,"ListContainer: 
    0
    0
    0
    0
    0
    0"
H2UEbugHgfbw65x8YJ2ZtEKaySjJWwwVhSf99L1k5d9H,11111111111111111111111111111111,AEEryzf1ckmYzqmkcKkw3uR6s9f2kvrx7RscQWQ1fQoT,8QZ7gRNLkBBTz4qG7gAmZyBByPA8vMw5ezSaP6RDRVLd,10000,10000,10000,10000,0,0,10000,0,0,110474433000000000,0,0,15663212981,0,0,10000000000,10000000000,1666117954,1666117961,0,100,10,100,0,1,500000,1000000,1000000,0,6,OracleSource.QuoteAsset(),MarketStatus.Active(),AssetTier.Collateral(),"ListContainer: 
    0
    0
    0
    0
    0
    0",1.0,1e-06,0,1.000001,1.000001,1666117961,1000000,1000000,1000000,1000000,0,0.0,0,"ListContainer: 
    0
    0
    0
    0
    0
    0",0.0,0,"ListContainer: 
    0
    0
    0
    0
    0
    0"
H2UEbugHgfbw65x8YJ2ZtEKaySjJWwwVhSf99L1k5d9H,11111111111111111111111111111111,AEEryzf1ckmYzqmkcKkw3uR6s9f2kvrx7RscQWQ1fQoT,8QZ7gRNLkBBTz4qG7gAmZyBByPA8vMw5ezSaP6RDRVLd,10000,10000,10000,10000,0,0,10000,0,0,110474433000000000,0,0,15663212981,0,0,10000000000,10000000000,1666117954,1666117961,0,100,10,100,0,1,500000,1000000,1000000,0,6,OracleSource.QuoteAsset(),MarketStatus.Active(),AssetTier.Collateral(),"ListContainer: 
    0
    0
    0
    0
    0
    0",1.0,1e-06,0,1.000001,1.000001,1666117961,1000000,1000000,1000000,1000000,0,0.0,0,"ListContainer: 
    0
    0
    0
    0
    0
    0",0.0,0,"ListContainer: 
    0
    0
    0
    0
    0
    0"
H2UEbugHgfbw65x8YJ2ZtEKaySjJWwwVhSf99L1k5d9H,11111111111111111111111111111111,AEEryzf1ckmYzqmkcKkw3uR6s9f2kvrx7RscQWQ1fQoT,8QZ7gRNLkBBTz4qG7gAmZyBByPA8vMw5ezSaP6RDRVLd,10000,10000,10000,10000,0,0,10000,0,0,100474433000000000,0,0,60409242407,0,0,10000000000,10000000000,1666117954,1666117996,0,100,10,100,0,1,500000,1000000,1000000,0,6,OracleSource.QuoteAsset(),MarketStatus.Active(),AssetTier.Collateral(),"ListContainer: 
    0
    0
    0
    0
    0
    0",1.0,1e-06,0,1.000001,1.000001,1666117996,1000000,1000000,1000000,1000000,0,0.0,0,"ListContainer: 
    0
    0
    0
    0
    0
    0",0.0,0,"ListContainer: 
    0
    0
    0
    0
    0
    0"
H2UEbugHgfbw65x8YJ2ZtEKaySjJWwwVhSf99L1k5d9H,11111111111111111111111111111111,AEEryzf1ckmYzqmkcKkw3uR6s9f2kvrx7RscQWQ1fQoT,8QZ7gRNLkBBTz4qG7gAmZyBByPA8vMw5ezSaP6RDRVLd,10000,10000,10000,10000,0,0,10000,0,0,90474433000000000,0,0,62733641106,0,0,10000000000,10000000000,1666117954,1666117998,0,100,10,100,0,1,500000,1000000,1000000,0,6,OracleSource.QuoteAsset(),MarketStatus.Active(),AssetTier.Collateral(),"ListContainer: 
    0
    0
    0
    0
    0
    0",1.0,1e-06,0,1.000001,1.000001,1666117998,1000000,1000000,1000000,1000000,0,0.0,0,"ListContainer: 
    0
    0
    0
    0
    0
    0",0.0,0,"ListContainer: 
    0
    0
    0
    0
    0
    0"
H2UEbugHgfbw65x8YJ2ZtEKaySjJWwwVhSf99L1k5d9H,11111111111111111111111111111111,AEEryzf1ckmYzqmkcKkw3uR6s9f2kvrx7RscQWQ1fQoT,8QZ7gRNLkBBTz4qG7gAmZyBByPA8vMw5ezSaP6RDRVLd,10000,10000,10000,10000,0,0,10000,0,0,80474433000000000,0,0,64826504518,0,0,10000000000,10000000000,1666117954,1666118000,0,100,10,100,0,1,500000,1000000,1000000,0,6,OracleSource.QuoteAsset(),MarketStatus.Active(),AssetTier.Collateral(),"ListContainer: 
    0
    0
    0
    0
    0
    0",1.0,1e-06,0,1.000001,1.000001,1666118000,1000000,1000000,1000000,1000000,0,0.0,0,"ListContainer: 
    0
    0
    0
    0
    0
    0",0.0,0,"ListContainer: 
    0
    0
    0
    0
    0
    0"
H2UEbugHgfbw65x8YJ2ZtEKaySjJWwwVhSf99L1k5d9H,11111111111111111111111111111111,AEEryzf1ckmYzqmkcKkw3uR6s9f2kvrx7RscQWQ1fQoT,8QZ7gRNLkBBTz4qG7gAmZyBByPA8vMw5ezSaP6RDRVLd,10000,10000,10000,10000,0,0,10000,0,0,70474433000000000,0,0,66687838002,0,0,10000000000,10000000000,1666117954,1666118002,0,100,10,100,0,1,500000,1000000,1000000,0,6,OracleSource.QuoteAsset(),MarketStatus.Active(),AssetTier.Collateral(),"ListContainer: 
    0
    0
    0
    0
    0
    0",1.0,1e-06,0,1.000001,1.000001,1666118002,1000000,1000000,1000000,1000000,0,0.0,0,"ListContainer: 
    0
    0
    0
    0
    0
    0",0.0,0,"ListContainer: 
    0
    0
    0
    0
    0
    0"
H2UEbugHgfbw65x8YJ2ZtEKaySjJWwwVhSf99L1k5d9H,11111111111111111111111111111111,AEEryzf1ckmYzqmkcKkw3uR6s9f2kvrx7RscQWQ1fQoT,8QZ7gRNLkBBTz4qG7gAmZyBByPA8vMw5ezSaP6RDRVLd,10000,10000,10000,10000,0,0,10000,0,0,60474433000000000,0,0,68317646918,0,0,10000000000,10000000000,1666117954,1666118004,0,100,10,100,0,1,500000,1000000,1000000,0,6,OracleSource.QuoteAsset(),MarketStatus.Active(),AssetTier.Collateral(),"ListContainer: 
    0
    0
    0
    0
    0
    0",1.0,1e-06,0,1.000001,1.000001,1666118004,1000000,1000000,1000000,1000000,0,0.0,0,"ListContainer: 
    0
    0
    0
    0
    0
    0",0.0,0,"ListContainer: 
    0
    0
    0
    0
    0
    0"
H2UEbugHgfbw65x8YJ2ZtEKaySjJWwwVhSf99L1k5d9H,11111111111111111111111111111111,AEEryzf1ckmYzqmkcKkw3uR6s9f2kvrx7RscQWQ1fQoT,8QZ7gRNLkBBTz4qG7gAmZyBByPA8vMw5ezSaP6RDRVLd,10000,10000,10000,10000,0,0,10000,0,0,60376307000000000,0,0,70415081479,0,0,10000000000,10000000000,1666117954,1666118007,0,100,10,100,0,1,500000,1000000,1000000,0,6,OracleSource.QuoteAsset(),MarketStatus.Active(),AssetTier.Collateral(),"ListContainer: 
    0
    0
    0
    0
    0
    0",1.0,1e-06,0,1.000001,1.000001,1666118007,1000000,1000000,1000000,1000000,0,0.0,0,"ListContainer: 
    0
    0
    0
    0
    0
    0",0.0,0,"ListContainer: 
    0
    0
    0
    0
    0
    0"
H2UEbugHgfbw65x8YJ2ZtEKaySjJWwwVhSf99L1k5d9H,11111111111111111111111111111111,AEEryzf1ckmYzqmkcKkw3uR6s9f2kvrx7RscQWQ1fQoT,8QZ7gRNLkBBTz4qG7gAmZyBByPA8vMw5ezSaP6RDRVLd,10000,10000,10000,10000,0,0,10000,0,0,50376307000000000,0,0,71811051200,0,0,10000000000,10000000000,1666117954,1666118009,0,100,10,100,0,1,500000,1000000,1000000,0,6,OracleSource.QuoteAsset(),MarketStatus.Active(),AssetTier.Collateral(),"ListContainer: 
    0
    0
    0
    0
    0
    0",1.0,1e-06,0,1.000001,1.000001,1666118009,1000000,1000000,1000000,1000000,0,0.0,0,"ListContainer: 
    0
    0
    0
    0
    0
    0",0.0,0,"ListContainer: 
    0
    0
    0
    0
    0
    0"
H2UEbugHgfbw65x8YJ2ZtEKaySjJWwwVhSf99L1k5d9H,11111111111111111111111111111111,AEEryzf1ckmYzqmkcKkw3uR6s9f2kvrx7RscQWQ1fQoT,8QZ7gRNLkBBTz4qG7gAmZyBByPA8vMw5ezSaP6RDRVLd,10000,10000,10000,10000,0,0,10000,0,0,50327454000000000,0,0,73557735088,0,0,10000000000,10000000000,1666117954,1666118012,0,100,10,100,0,1,500000,1000000,1000000,0,6,OracleSource.QuoteAsset(),MarketStatus.Active(),AssetTier.Collateral(),"ListContainer: 
    0
    0
    0
    0
    0
    0",1.0,1e-06,0,1.000001,1.000001,1666118012,1000000,1000000,1000000,1000000,0,0.0,0,"ListContainer: 
    0
    0
    0
    0
    0
    0",0.0,0,"ListContainer: 
    0
    0
    0
    0
    0
    0"
H2UEbugHgfbw65x8YJ2ZtEKaySjJWwwVhSf99L1k5d9H,11111111111111111111111111111111,AEEryzf1ckmYzqmkcKkw3uR6s9f2kvrx7RscQWQ1fQoT,8QZ7gRNLkBBTz4qG7gAmZyBByPA8vMw5ezSaP6RDRVLd,10000,10000,10000,10000,0,0,10000,0,0,50262592000000000,0,0,75302662042,0,0,10000000000,10000000000,1666117954,1666118015,0,100,10,100,0,1,500000,1000000,1000000,0,6,OracleSource.QuoteAsset(),MarketStatus.Active(),AssetTier.Collateral(),"ListContainer: 
    0
    0
    0
    0
    0
    0",1.0,1e-06,0,1.000001,1.000001,1666118015,1000000,1000000,1000000,1000000,0,0.0,0,"ListContainer: 
    0
    0
    0
    0
    0
    0",0.0,0,"ListContainer: 
    0
    0
    0
    0
    0
    0"
H2UEbugHgfbw65x8YJ2ZtEKaySjJWwwVhSf99L1k5d9H,11111111111111111111111111111111,AEEryzf1ckmYzqmkcKkw3uR6s9f2kvrx7RscQWQ1fQoT,8QZ7gRNLkBBTz4qG7gAmZyBByPA8vMw5ezSaP6RDRVLd,10000,10000,10000,10000,0,0,10000,0,0,50223987000000000,0,0,76464404851,0,0,10000000000,10000000000,1666117954,1666118017,0,100,10,100,0,1,500000,1000000,1000000,0,6,OracleSource.QuoteAsset(),MarketStatus.Active(),AssetTier.Collateral(),"ListContainer: 
    0
    0
    0
    0
    0
    0",1.0,1e-06,0,1.000001,1.000001,1666118017,1000000,1000000,1000000,1000000,0,0.0,0,"ListContainer: 
    0
    0
    0
    0
    0
    0",0.0,0,"ListContainer: 
    0
    0
    0
    0
    0
    0"
H2UEbugHgfbw65x8YJ2ZtEKaySjJWwwVhSf99L1k5d9H,11111111111111111111111111111111,AEEryzf1ckmYzqmkcKkw3uR6s9f2kvrx7RscQWQ1fQoT,8QZ7gRNLkBBTz4qG7gAmZyBByPA8vMw5ezSaP6RDRVLd,10000,10000,10000,10000,0,0,10000,0,0,50204077000000000,0,0,77625227134,0,0,10000000000,10000000000,1666117954,1666118019,0,100,10,100,0,1,500000,1000000,1000000,0,6,OracleSource.QuoteAsset(),MarketStatus.Active(),AssetTier.Collateral(),"ListContainer: 
    0
    0
    0
    0
    0
    0",1.0,1e-06,0,1.000001,1.000001,1666118019,1000000,1000000,1000000,1000000,0,0.0,0,"ListContainer: 
    0
    0
    0
    0
    0
    0",0.0,0,"ListContainer: 
    0
    0
    0
    0
    0
    0"
H2UEbugHgfbw65x8YJ2ZtEKaySjJWwwVhSf99L1k5d9H,11111111111111111111111111111111,AEEryzf1ckmYzqmkcKkw3uR6s9f2kvrx7RscQWQ1fQoT,8QZ7gRNLkBBTz4qG7gAmZyBByPA8vMw5ezSaP6RDRVLd,10000,10000,10000,10000,0,0,10000,0,0,40204077000000000,0,0,78785561666,0,0,10000000000,10000000000,1666117954,1666118021,0,100,10,100,0,1,500000,1000000,1000000,0,6,OracleSource.QuoteAsset(),MarketStatus.Active(),AssetTier.Collateral(),"ListContainer: 
    0
    0
    0
    0
    0
    0",1.0,1e-06,0,1.000001,1.000001,1666118021,1000000,1000000,1000000,1000000,0,0.0,0,"ListContainer: 
    0
    0
    0
    0
    0
    0",0.0,0,"ListContainer: 
    0
    0
    0
    0
    0
    0"
H2UEbugHgfbw65x8YJ2ZtEKaySjJWwwVhSf99L1k5d9H,11111111111111111111111111111111,AEEryzf1ckmYzqmkcKkw3uR6s9f2kvrx7RscQWQ1fQoT,8QZ7gRNLkBBTz4qG7gAmZyBByPA8vMw5ezSaP6RDRVLd,10000,10000,10000,10000,0,0,10000,0,0,30204077000000000,0,0,79714387857,0,0,10000000000,10000000000,1666117954,1666118023,0,100,10,100,0,1,500000,1000000,1000000,0,6,OracleSource.QuoteAsset(),MarketStatus.Active(),AssetTier.Collateral(),"ListContainer: 
    0
    0
    0
    0
    0
    0",1.0,1e-06,0,1.000001,1.000001,1666118023,1000000,1000000,1000000,1000000,0,0.0,0,"ListContainer: 
    0
    0
    0
    0
    0
    0",0.0,0,"ListContainer: 
    0
    0
    0
    0
    0
    0"
H2UEbugHgfbw65x8YJ2ZtEKaySjJWwwVhSf99L1k5d9H,11111111111111111111111111111111,AEEryzf1ckmYzqmkcKkw3uR6s9f2kvrx7RscQWQ1fQoT,8QZ7gRNLkBBTz4qG7gAmZyBByPA8vMw5ezSaP6RDRVLd,10000,10000,10000,10000,0,0,10000,0,0,20204077000000000,0,0,80411711066,0,0,10000000000,10000000000,1666117954,1666118025,0,100,10,100,0,1,500000,1000000,1000000,0,6,OracleSource.QuoteAsset(),MarketStatus.Active(),AssetTier.Collateral(),"ListContainer: 
    0
    0
    0
    0
    0
    0",1.0,1e-06,0,1.000001,1.000001,1666118025,1000000,1000000,1000000,1000000,0,0.0,0,"ListContainer: 
    0
    0
    0
    0
    0
    0",0.0,0,"ListContainer: 
    0
    0
    0
    0
    0
    0"
H2UEbugHgfbw65x8YJ2ZtEKaySjJWwwVhSf99L1k5d9H,11111111111111111111111111111111,AEEryzf1ckmYzqmkcKkw3uR6s9f2kvrx7RscQWQ1fQoT,8QZ7gRNLkBBTz4qG7gAmZyBByPA8vMw5ezSaP6RDRVLd,10000,10000,10000,10000,0,0,10000,0,0,20186858000000000,0,0,80644623859,0,0,10000000000,10000000000,1666117954,1666118026,0,100,10,100,0,1,500000,1000000,1000000,0,6,OracleSource.QuoteAsset(),MarketStatus.Active(),AssetTier.Collateral(),"ListContainer: 
    0
    0
    0
    0
    0
    0",1.0,1e-06,0,1.000001,1.000001,1666118026,1000000,1000000,1000000,1000000,0,0.0,0,"ListContainer: 
    0
    0
    0
    0
    0
    0",0.0,0,"ListContainer: 
    0
    0
    0
    0
    0
    0"
H2UEbugHgfbw65x8YJ2ZtEKaySjJWwwVhSf99L1k5d9H,11111111111111111111111111111111,AEEryzf1ckmYzqmkcKkw3uR6s9f2kvrx7RscQWQ1fQoT,8QZ7gRNLkBBTz4qG7gAmZyBByPA8vMw5ezSaP6RDRVLd,10000,10000,10000,10000,0,0,10000,0,0,10186858000000000,0,0,81342756268,0,0,10000000000,10000000000,1666117954,1666118029,0,100,10,100,0,1,500000,1000000,1000000,0,6,OracleSource.QuoteAsset(),MarketStatus.Active(),AssetTier.Collateral(),"ListContainer: 
    0
    0
    0
    0
    0
    0",1.0,1e-06,0,1.000001,1.000001,1666118029,1000000,1000000,1000000,1000000,0,0.0,0,"ListContainer: 
    0
    0
    0
    0
    0
    0",0.0,0,"ListContainer: 
    0
    0
    0
    0
    0
    0"
H2UEbugHgfbw65x8YJ2ZtEKaySjJWwwVhSf99L1k5d9H,11111111111111111111111111111111,AEEryzf1ckmYzqmkcKkw3uR6s9f2kvrx7RscQWQ1fQoT,8QZ7gRNLkBBTz4qG7gAmZyBByPA8vMw5ezSaP6RDRVLd,10000,10000,10000,10000,0,0,10000,0,0,10113217000000000,0,0,81693642214,0,0,10000000000,10000000000,1666117954,1666118032,0,100,10,100,0,1,500000,1000000,1000000,0,6,OracleSource.QuoteAsset(),MarketStatus.Active(),AssetTier.Collateral(),"ListContainer: 
    0
    0
    0
    0
    0
    0",1.0,1e-06,0,1.000001,1.000001,1666118032,1000000,1000000,1000000,1000000,0,0.0,0,"ListContainer: 
    0
    0
    0
    0
    0
    0",0.0,0,"ListContainer: 
    0
    0
    0
    0
    0
    0"
H2UEbugHgfbw65x8YJ2ZtEKaySjJWwwVhSf99L1k5d9H,11111111111111111111111111111111,AEEryzf1ckmYzqmkcKkw3uR6s9f2kvrx7RscQWQ1fQoT,8QZ7gRNLkBBTz4qG7gAmZyBByPA8vMw5ezSaP6RDRVLd,10000,10000,10000,10000,0,0,10000,0,0,113217000000000,0,0,81925853403,0,0,10000000000,10000000000,1666117954,1666118034,0,100,10,100,0,1,500000,1000000,1000000,0,6,OracleSource.QuoteAsset(),MarketStatus.Active(),AssetTier.Collateral(),"ListContainer: 
    0
    0
    0
    0
    0
    0",1.0,1e-06,0,1.000001,1.000001,1666118034,1000000,1000000,1000000,1000000,0,0.0,0,"ListContainer: 
    0
    0
    0
    0
    0
    0",0.0,0,"ListContainer: 
    0
    0
    0
    0
    0
    0"
H2UEbugHgfbw65x8YJ2ZtEKaySjJWwwVhSf99L1k5d9H,11111111111111111111111111111111,AEEryzf1ckmYzqmkcKkw3uR6s9f2kvrx7RscQWQ1fQoT,8QZ7gRNLkBBTz4qG7gAmZyBByPA8vMw5ezSaP6RDRVLd,10000,10000,10000,10000,0,0,10000,0,0,109172000000000,0,0,81926577736,0,0,10000000000,10000000000,1666117954,1666118036,0,100,10,100,0,1,500000,1000000,1000000,0,6,OracleSource.QuoteAsset(),MarketStatus.Active(),AssetTier.Collateral(),"ListContainer: 
    0
    0
    0
    0
    0
    0",1.0,1e-06,0,1.000001,1.000001,1666118036,1000000,1000000,1000000,1000000,0,0.0,0,"ListContainer: 
    0
    0
    0
    0
    0
    0",0.0,0,"ListContainer: 
    0
    0
    0
    0
    0
    0"
H2UEbugHgfbw65x8YJ2ZtEKaySjJWwwVhSf99L1k5d9H,11111111111111111111111111111111,FRKswAxhu6oxEtXya1ryLcKCszBxLAnDgPWiSA13yYzr,8QZ7gRNLkBBTz4qG7gAmZyBByPA8vMw5ezSaP6RDRVLd,10000,10000,10000,10000,0,0,10000,0,0,110474433000000000,0,0,14295169054,0,0,10000000000,10000000000,1666118545,1666118551,0,100,10,100,0,1,500000,1000000,1000000,0,6,OracleSource.QuoteAsset(),MarketStatus.Active(),AssetTier.Collateral(),"ListContainer: 
    0
    0
    0
    0
    0
    0",1.0,1e-06,0,1.000001,1.000001,1666118551,1000000,1000000,1000000,1000000,0,0.0,0,"ListContainer: 
    0
    0
    0
    0
    0
    0",0.0,0,"ListContainer: 
    0
    0
    0
    0
    0
    0"
H2UEbugHgfbw65x8YJ2ZtEKaySjJWwwVhSf99L1k5d9H,11111111111111111111111111111111,FRKswAxhu6oxEtXya1ryLcKCszBxLAnDgPWiSA13yYzr,8QZ7gRNLkBBTz4qG7gAmZyBByPA8vMw5ezSaP6RDRVLd,10000,10000,10000,10000,0,0,10000,0,0,110474433000000000,0,0,14295169054,0,0,10000000000,10000000000,1666118545,1666118551,0,100,10,100,0,1,500000,1000000,1000000,0,6,OracleSource.QuoteAsset(),MarketStatus.Active(),AssetTier.Collateral(),"ListContainer: 
    0
    0
    0
    0
    0
    0",1.0,1e-06,0,1.000001,1.000001,1666118551,1000000,1000000,1000000,1000000,0,0.0,0,"ListContainer: 
    0
    0
    0
    0
    0
    0",0.0,0,"ListContainer: 
    0
    0
    0
    0
    0
    0"
H2UEbugHgfbw65x8YJ2ZtEKaySjJWwwVhSf99L1k5d9H,11111111111111111111111111111111,FRKswAxhu6oxEtXya1ryLcKCszBxLAnDgPWiSA13yYzr,8QZ7gRNLkBBTz4qG7gAmZyBByPA8vMw5ezSaP6RDRVLd,10000,10000,10000,10000,0,0,10000,0,0,100474433000000000,0,0,57763278847,0,0,10000000000,10000000000,1666118545,1666118585,0,100,10,100,0,1,500000,1000000,1000000,0,6,OracleSource.QuoteAsset(),MarketStatus.Active(),AssetTier.Collateral(),"ListContainer: 
    0
    0
    0
    0
    0
    0",1.0,1e-06,0,1.000001,1.000001,1666118585,1000000,1000000,1000000,1000000,0,0.0,0,"ListContainer: 
    0
    0
    0
    0
    0
    0",0.0,0,"ListContainer: 
    0
    0
    0
    0
    0
    0"
H2UEbugHgfbw65x8YJ2ZtEKaySjJWwwVhSf99L1k5d9H,11111111111111111111111111111111,FRKswAxhu6oxEtXya1ryLcKCszBxLAnDgPWiSA13yYzr,8QZ7gRNLkBBTz4qG7gAmZyBByPA8vMw5ezSaP6RDRVLd,10000,10000,10000,10000,0,0,10000,0,0,90474433000000000,0,0,60087738795,0,0,10000000000,10000000000,1666118545,1666118587,0,100,10,100,0,1,500000,1000000,1000000,0,6,OracleSource.QuoteAsset(),MarketStatus.Active(),AssetTier.Collateral(),"ListContainer: 
    0
    0
    0
    0
    0
    0",1.0,1e-06,0,1.000001,1.000001,1666118587,1000000,1000000,1000000,1000000,0,0.0,0,"ListContainer: 
    0
    0
    0
    0
    0
    0",0.0,0,"ListContainer: 
    0
    0
    0
    0
    0
    0"
H2UEbugHgfbw65x8YJ2ZtEKaySjJWwwVhSf99L1k5d9H,11111111111111111111111111111111,FRKswAxhu6oxEtXya1ryLcKCszBxLAnDgPWiSA13yYzr,8QZ7gRNLkBBTz4qG7gAmZyBByPA8vMw5ezSaP6RDRVLd,10000,10000,10000,10000,0,0,10000,0,0,80474433000000000,0,0,62180663454,0,0,10000000000,10000000000,1666118545,1666118589,0,100,10,100,0,1,500000,1000000,1000000,0,6,OracleSource.QuoteAsset(),MarketStatus.Active(),AssetTier.Collateral(),"ListContainer: 
    0
    0
    0
    0
    0
    0",1.0,1e-06,0,1.000001,1.000001,1666118589,1000000,1000000,1000000,1000000,0,0.0,0,"ListContainer: 
    0
    0
    0
    0
    0
    0",0.0,0,"ListContainer: 
    0
    0
    0
    0
    0
    0"
H2UEbugHgfbw65x8YJ2ZtEKaySjJWwwVhSf99L1k5d9H,11111111111111111111111111111111,FRKswAxhu6oxEtXya1ryLcKCszBxLAnDgPWiSA13yYzr,8QZ7gRNLkBBTz4qG7gAmZyBByPA8vMw5ezSaP6RDRVLd,10000,10000,10000,10000,0,0,10000,0,0,70474433000000000,0,0,64042058185,0,0,10000000000,10000000000,1666118545,1666118591,0,100,10,100,0,1,500000,1000000,1000000,0,6,OracleSource.QuoteAsset(),MarketStatus.Active(),AssetTier.Collateral(),"ListContainer: 
    0
    0
    0
    0
    0
    0",1.0,1e-06,0,1.000001,1.000001,1666118591,1000000,1000000,1000000,1000000,0,0.0,0,"ListContainer: 
    0
    0
    0
    0
    0
    0",0.0,0,"ListContainer: 
    0
    0
    0
    0
    0
    0"
H2UEbugHgfbw65x8YJ2ZtEKaySjJWwwVhSf99L1k5d9H,11111111111111111111111111111111,FRKswAxhu6oxEtXya1ryLcKCszBxLAnDgPWiSA13yYzr,8QZ7gRNLkBBTz4qG7gAmZyBByPA8vMw5ezSaP6RDRVLd,10000,10000,10000,10000,0,0,10000,0,0,70409571000000000,0,0,65671928346,0,0,10000000000,10000000000,1666118545,1666118593,0,100,10,100,0,1,500000,1000000,1000000,0,6,OracleSource.QuoteAsset(),MarketStatus.Active(),AssetTier.Collateral(),"ListContainer: 
    0
    0
    0
    0
    0
    0",1.0,1e-06,0,1.000001,1.000001,1666118593,1000000,1000000,1000000,1000000,0,0.0,0,"ListContainer: 
    0
    0
    0
    0
    0
    0",0.0,0,"ListContainer: 
    0
    0
    0
    0
    0
    0"
H2UEbugHgfbw65x8YJ2ZtEKaySjJWwwVhSf99L1k5d9H,11111111111111111111111111111111,FRKswAxhu6oxEtXya1ryLcKCszBxLAnDgPWiSA13yYzr,8QZ7gRNLkBBTz4qG7gAmZyBByPA8vMw5ezSaP6RDRVLd,10000,10000,10000,10000,0,0,10000,0,0,70311445000000000,0,0,67300259344,0,0,10000000000,10000000000,1666118545,1666118595,0,100,10,100,0,1,500000,1000000,1000000,0,6,OracleSource.QuoteAsset(),MarketStatus.Active(),AssetTier.Collateral(),"ListContainer: 
    0
    0
    0
    0
    0
    0",1.0,1e-06,0,1.000001,1.000001,1666118595,1000000,1000000,1000000,1000000,0,0.0,0,"ListContainer: 
    0
    0
    0
    0
    0
    0",0.0,0,"ListContainer: 
    0
    0
    0
    0
    0
    0"
H2UEbugHgfbw65x8YJ2ZtEKaySjJWwwVhSf99L1k5d9H,11111111111111111111111111111111,FRKswAxhu6oxEtXya1ryLcKCszBxLAnDgPWiSA13yYzr,8QZ7gRNLkBBTz4qG7gAmZyBByPA8vMw5ezSaP6RDRVLd,10000,10000,10000,10000,0,0,10000,0,0,60311445000000000,0,0,69739292148,0,0,10000000000,10000000000,1666118545,1666118598,0,100,10,100,0,1,500000,1000000,1000000,0,6,OracleSource.QuoteAsset(),MarketStatus.Active(),AssetTier.Collateral(),"ListContainer: 
    0
    0
    0
    0
    0
    0",1.0,1e-06,0,1.000001,1.000001,1666118598,1000000,1000000,1000000,1000000,0,0.0,0,"ListContainer: 
    0
    0
    0
    0
    0
    0",0.0,0,"ListContainer: 
    0
    0
    0
    0
    0
    0"
H2UEbugHgfbw65x8YJ2ZtEKaySjJWwwVhSf99L1k5d9H,11111111111111111111111111111111,FRKswAxhu6oxEtXya1ryLcKCszBxLAnDgPWiSA13yYzr,8QZ7gRNLkBBTz4qG7gAmZyBByPA8vMw5ezSaP6RDRVLd,10000,10000,10000,10000,0,0,10000,0,0,60272840000000000,0,0,71133776077,0,0,10000000000,10000000000,1666118545,1666118600,0,100,10,100,0,1,500000,1000000,1000000,0,6,OracleSource.QuoteAsset(),MarketStatus.Active(),AssetTier.Collateral(),"ListContainer: 
    0
    0
    0
    0
    0
    0",1.0,1e-06,0,1.000001,1.000001,1666118600,1000000,1000000,1000000,1000000,0,0.0,0,"ListContainer: 
    0
    0
    0
    0
    0
    0",0.0,0,"ListContainer: 
    0
    0
    0
    0
    0
    0"
H2UEbugHgfbw65x8YJ2ZtEKaySjJWwwVhSf99L1k5d9H,11111111111111111111111111111111,FRKswAxhu6oxEtXya1ryLcKCszBxLAnDgPWiSA13yYzr,8QZ7gRNLkBBTz4qG7gAmZyBByPA8vMw5ezSaP6RDRVLd,10000,10000,10000,10000,0,0,10000,0,0,60252930000000000,0,0,72527334092,0,0,10000000000,10000000000,1666118545,1666118602,0,100,10,100,0,1,500000,1000000,1000000,0,6,OracleSource.QuoteAsset(),MarketStatus.Active(),AssetTier.Collateral(),"ListContainer: 
    0
    0
    0
    0
    0
    0",1.0,1e-06,0,1.000001,1.000001,1666118602,1000000,1000000,1000000,1000000,0,0.0,0,"ListContainer: 
    0
    0
    0
    0
    0
    0",0.0,0,"ListContainer: 
    0
    0
    0
    0
    0
    0"
H2UEbugHgfbw65x8YJ2ZtEKaySjJWwwVhSf99L1k5d9H,11111111111111111111111111111111,FRKswAxhu6oxEtXya1ryLcKCszBxLAnDgPWiSA13yYzr,8QZ7gRNLkBBTz4qG7gAmZyBByPA8vMw5ezSaP6RDRVLd,10000,10000,10000,10000,0,0,10000,0,0,60192398000000000,0,0,73920398969,0,0,10000000000,10000000000,1666118545,1666118604,0,100,10,100,0,1,500000,1000000,1000000,0,6,OracleSource.QuoteAsset(),MarketStatus.Active(),AssetTier.Collateral(),"ListContainer: 
    0
    0
    0
    0
    0
    0",1.0,1e-06,0,1.000001,1.000001,1666118604,1000000,1000000,1000000,1000000,0,0.0,0,"ListContainer: 
    0
    0
    0
    0
    0
    0",0.0,0,"ListContainer: 
    0
    0
    0
    0
    0
    0"
H2UEbugHgfbw65x8YJ2ZtEKaySjJWwwVhSf99L1k5d9H,11111111111111111111111111111111,FRKswAxhu6oxEtXya1ryLcKCszBxLAnDgPWiSA13yYzr,8QZ7gRNLkBBTz4qG7gAmZyBByPA8vMw5ezSaP6RDRVLd,10000,10000,10000,10000,0,0,10000,0,0,50192398000000000,0,0,75312030395,0,0,10000000000,10000000000,1666118545,1666118606,0,100,10,100,0,1,500000,1000000,1000000,0,6,OracleSource.QuoteAsset(),MarketStatus.Active(),AssetTier.Collateral(),"ListContainer: 
    0
    0
    0
    0
    0
    0",1.0,1e-06,0,1.000001,1.000001,1666118606,1000000,1000000,1000000,1000000,0,0.0,0,"ListContainer: 
    0
    0
    0
    0
    0
    0",0.0,0,"ListContainer: 
    0
    0
    0
    0
    0
    0"
H2UEbugHgfbw65x8YJ2ZtEKaySjJWwwVhSf99L1k5d9H,11111111111111111111111111111111,FRKswAxhu6oxEtXya1ryLcKCszBxLAnDgPWiSA13yYzr,8QZ7gRNLkBBTz4qG7gAmZyBByPA8vMw5ezSaP6RDRVLd,10000,10000,10000,10000,0,0,10000,0,0,50143545000000000,0,0,75892089261,0,0,10000000000,10000000000,1666118545,1666118607,0,100,10,100,0,1,500000,1000000,1000000,0,6,OracleSource.QuoteAsset(),MarketStatus.Active(),AssetTier.Collateral(),"ListContainer: 
    0
    0
    0
    0
    0
    0",1.0,1e-06,0,1.000001,1.000001,1666118607,1000000,1000000,1000000,1000000,0,0.0,0,"ListContainer: 
    0
    0
    0
    0
    0
    0",0.0,0,"ListContainer: 
    0
    0
    0
    0
    0
    0"
H2UEbugHgfbw65x8YJ2ZtEKaySjJWwwVhSf99L1k5d9H,11111111111111111111111111111111,FRKswAxhu6oxEtXya1ryLcKCszBxLAnDgPWiSA13yYzr,8QZ7gRNLkBBTz4qG7gAmZyBByPA8vMw5ezSaP6RDRVLd,10000,10000,10000,10000,0,0,10000,0,0,50069904000000000,0,0,77051062709,0,0,10000000000,10000000000,1666118545,1666118609,0,100,10,100,0,1,500000,1000000,1000000,0,6,OracleSource.QuoteAsset(),MarketStatus.Active(),AssetTier.Collateral(),"ListContainer: 
    0
    0
    0
    0
    0
    0",1.0,1e-06,0,1.000001,1.000001,1666118609,1000000,1000000,1000000,1000000,0,0.0,0,"ListContainer: 
    0
    0
    0
    0
    0
    0",0.0,0,"ListContainer: 
    0
    0
    0
    0
    0
    0"
H2UEbugHgfbw65x8YJ2ZtEKaySjJWwwVhSf99L1k5d9H,11111111111111111111111111111111,FRKswAxhu6oxEtXya1ryLcKCszBxLAnDgPWiSA13yYzr,8QZ7gRNLkBBTz4qG7gAmZyBByPA8vMw5ezSaP6RDRVLd,10000,10000,10000,10000,0,0,10000,0,0,40069904000000000,0,0,78208304676,0,0,10000000000,10000000000,1666118545,1666118611,0,100,10,100,0,1,500000,1000000,1000000,0,6,OracleSource.QuoteAsset(),MarketStatus.Active(),AssetTier.Collateral(),"ListContainer: 
    0
    0
    0
    0
    0
    0",1.0,1e-06,0,1.000001,1.000001,1666118611,1000000,1000000,1000000,1000000,0,0.0,0,"ListContainer: 
    0
    0
    0
    0
    0
    0",0.0,0,"ListContainer: 
    0
    0
    0
    0
    0
    0"
H2UEbugHgfbw65x8YJ2ZtEKaySjJWwwVhSf99L1k5d9H,11111111111111111111111111111111,FRKswAxhu6oxEtXya1ryLcKCszBxLAnDgPWiSA13yYzr,8QZ7gRNLkBBTz4qG7gAmZyBByPA8vMw5ezSaP6RDRVLd,10000,10000,10000,10000,0,0,10000,0,0,30069904000000000,0,0,79134038373,0,0,10000000000,10000000000,1666118545,1666118613,0,100,10,100,0,1,500000,1000000,1000000,0,6,OracleSource.QuoteAsset(),MarketStatus.Active(),AssetTier.Collateral(),"ListContainer: 
    0
    0
    0
    0
    0
    0",1.0,1e-06,0,1.000001,1.000001,1666118613,1000000,1000000,1000000,1000000,0,0.0,0,"ListContainer: 
    0
    0
    0
    0
    0
    0",0.0,0,"ListContainer: 
    0
    0
    0
    0
    0
    0"
H2UEbugHgfbw65x8YJ2ZtEKaySjJWwwVhSf99L1k5d9H,11111111111111111111111111111111,FRKswAxhu6oxEtXya1ryLcKCszBxLAnDgPWiSA13yYzr,8QZ7gRNLkBBTz4qG7gAmZyBByPA8vMw5ezSaP6RDRVLd,10000,10000,10000,10000,0,0,10000,0,0,30052685000000000,0,0,79828269160,0,0,10000000000,10000000000,1666118545,1666118615,0,100,10,100,0,1,500000,1000000,1000000,0,6,OracleSource.QuoteAsset(),MarketStatus.Active(),AssetTier.Collateral(),"ListContainer: 
    0
    0
    0
    0
    0
    0",1.0,1e-06,0,1.000001,1.000001,1666118615,1000000,1000000,1000000,1000000,0,0.0,0,"ListContainer: 
    0
    0
    0
    0
    0
    0",0.0,0,"ListContainer: 
    0
    0
    0
    0
    0
    0"
H2UEbugHgfbw65x8YJ2ZtEKaySjJWwwVhSf99L1k5d9H,11111111111111111111111111111111,FRKswAxhu6oxEtXya1ryLcKCszBxLAnDgPWiSA13yYzr,8QZ7gRNLkBBTz4qG7gAmZyBByPA8vMw5ezSaP6RDRVLd,10000,10000,10000,10000,0,0,10000,0,0,20052685000000000,0,0,80522085289,0,0,10000000000,10000000000,1666118545,1666118617,0,100,10,100,0,1,500000,1000000,1000000,0,6,OracleSource.QuoteAsset(),MarketStatus.Active(),AssetTier.Collateral(),"ListContainer: 
    0
    0
    0
    0
    0
    0",1.0,1e-06,0,1.000001,1.000001,1666118617,1000000,1000000,1000000,1000000,0,0.0,0,"ListContainer: 
    0
    0
    0
    0
    0
    0",0.0,0,"ListContainer: 
    0
    0
    0
    0
    0
    0"
H2UEbugHgfbw65x8YJ2ZtEKaySjJWwwVhSf99L1k5d9H,11111111111111111111111111111111,FRKswAxhu6oxEtXya1ryLcKCszBxLAnDgPWiSA13yYzr,8QZ7gRNLkBBTz4qG7gAmZyBByPA8vMw5ezSaP6RDRVLd,10000,10000,10000,10000,0,0,10000,0,0,10052685000000000,0,0,80984403875,0,0,10000000000,10000000000,1666118545,1666118619,0,100,10,100,0,1,500000,1000000,1000000,0,6,OracleSource.QuoteAsset(),MarketStatus.Active(),AssetTier.Collateral(),"ListContainer: 
    0
    0
    0
    0
    0
    0",1.0,1e-06,0,1.000001,1.000001,1666118619,1000000,1000000,1000000,1000000,0,0.0,0,"ListContainer: 
    0
    0
    0
    0
    0
    0",0.0,0,"ListContainer: 
    0
    0
    0
    0
    0
    0"
H2UEbugHgfbw65x8YJ2ZtEKaySjJWwwVhSf99L1k5d9H,11111111111111111111111111111111,FRKswAxhu6oxEtXya1ryLcKCszBxLAnDgPWiSA13yYzr,8QZ7gRNLkBBTz4qG7gAmZyBByPA8vMw5ezSaP6RDRVLd,10000,10000,10000,10000,0,0,10000,0,0,10004045000000000,0,0,81215230278,0,0,10000000000,10000000000,1666118545,1666118621,0,100,10,100,0,1,500000,1000000,1000000,0,6,OracleSource.QuoteAsset(),MarketStatus.Active(),AssetTier.Collateral(),"ListContainer: 
    0
    0
    0
    0
    0
    0",1.0,1e-06,0,1.000001,1.000001,1666118621,1000000,1000000,1000000,1000000,0,0.0,0,"ListContainer: 
    0
    0
    0
    0
    0
    0",0.0,0,"ListContainer: 
    0
    0
    0
    0
    0
    0"
H2UEbugHgfbw65x8YJ2ZtEKaySjJWwwVhSf99L1k5d9H,11111111111111111111111111111111,FRKswAxhu6oxEtXya1ryLcKCszBxLAnDgPWiSA13yYzr,8QZ7gRNLkBBTz4qG7gAmZyBByPA8vMw5ezSaP6RDRVLd,10000,10000,10000,10000,0,0,10000,0,0,10000000000000000,0,0,81674620546,0,0,10000000000,10000000000,1666118545,1666118625,0,100,10,100,0,1,500000,1000000,1000000,0,6,OracleSource.QuoteAsset(),MarketStatus.Active(),AssetTier.Collateral(),"ListContainer: 
    0
    0
    0
    0
    0
    0",1.0,1e-06,0,1.000001,1.000001,1666118625,1000000,1000000,1000000,1000000,0,0.0,0,"ListContainer: 
    0
    0
    0
    0
    0
    0",0.0,0,"ListContainer: 
    0
    0
    0
    0
    0
    0"
