AY13zkmUVvi9ti2KVPWVhP9EM2ptuFedT3fd4xSQ4PjC,11111111111111111111111111111111,"SpotPosition(scaled_balance=48640000000000, open_bids=0, open_asks=0, cumulative_deposits=48640000000, market_index=0, balance_type=SpotBalanceType.Deposit(), open_orders=0, padding=ListContainer([0, 0, 0, 0]))","PerpPosition(last_cumulative_funding_rate=0, base_asset_amount=0, quote_asset_amount=0, quote_entry_amount=0, open_bids=0, open_asks=0, settled_pnl=0, lp_shares=0, last_net_base_asset_amount_per_lp=0, last_net_quote_asset_amount_per_lp=0, remainder_base_asset_amount=0, market_index=0, open_orders=0, padding=ListContainer([0]))",0,1,0,1,0,False,False
AY13zkmUVvi9ti2KVPWVhP9EM2ptuFedT3fd4xSQ4PjC,11111111111111111111111111111111,"SpotPosition(scaled_balance=48640000000000, open_bids=0, open_asks=0, cumulative_deposits=48640000000, market_index=0, balance_type=SpotBalanceType.Deposit(), open_orders=0, padding=ListContainer([0, 0, 0, 0]))","PerpPosition(last_cumulative_funding_rate=0, base_asset_amount=0, quote_asset_amount=0, quote_entry_amount=0, open_bids=0, open_asks=0, settled_pnl=0, lp_shares=0, last_net_base_asset_amount_per_lp=0, last_net_quote_asset_amount_per_lp=0, remainder_base_asset_amount=0, market_index=0, open_orders=0, padding=ListContainer([0]))",0,1,0,1,0,False,False
AY13zkmUVvi9ti2KVPWVhP9EM2ptuFedT3fd4xSQ4PjC,11111111111111111111111111111111,"SpotPosition(scaled_balance=48640000000000, open_bids=0, open_asks=0, cumulative_deposits=48640000000, market_index=0, balance_type=SpotBalanceType.Deposit(), open_orders=0, padding=ListContainer([0, 0, 0, 0]))","PerpPosition(last_cumulative_funding_rate=0, base_asset_amount=0, quote_asset_amount=0, quote_entry_amount=0, open_bids=0, open_asks=0, settled_pnl=0, lp_shares=0, last_net_base_asset_amount_per_lp=0, last_net_quote_asset_amount_per_lp=0, remainder_base_asset_amount=0, market_index=0, open_orders=0, padding=ListContainer([0]))",0,1,0,1,0,False,False
AY13zkmUVvi9ti2KVPWVhP9EM2ptuFedT3fd4xSQ4PjC,11111111111111111111111111111111,"SpotPosition(scaled_balance=48640000000000, open_bids=0, open_asks=0, cumulative_deposits=48640000000, market_index=0, balance_type=SpotBalanceType.Deposit(), open_orders=0, padding=ListContainer([0, 0, 0, 0]))","PerpPosition(last_cumulative_funding_rate=0, base_asset_amount=0, quote_asset_amount=0, quote_entry_amount=0, open_bids=0, open_asks=0, settled_pnl=0, lp_shares=0, last_net_base_asset_amount_per_lp=0, last_net_quote_asset_amount_per_lp=0, remainder_base_asset_amount=0, market_index=0, open_orders=0, padding=ListContainer([0]))",0,1,0,1,0,False,False
AY13zkmUVvi9ti2KVPWVhP9EM2ptuFedT3fd4xSQ4PjC,11111111111111111111111111111111,"SpotPosition(scaled_balance=48640000000000, open_bids=0, open_asks=0, cumulative_deposits=48640000000, market_index=0, balance_type=SpotBalanceType.Deposit(), open_orders=0, padding=ListContainer([0, 0, 0, 0]))","PerpPosition(last_cumulative_funding_rate=0, base_asset_amount=0, quote_asset_amount=0, quote_entry_amount=0, open_bids=0, open_asks=0, settled_pnl=0, lp_shares=0, last_net_base_asset_amount_per_lp=0, last_net_quote_asset_amount_per_lp=0, remainder_base_asset_amount=0, market_index=0, open_orders=0, padding=ListContainer([0]))",0,1,0,1,0,False,False
AY13zkmUVvi9ti2KVPWVhP9EM2ptuFedT3fd4xSQ4PjC,11111111111111111111111111111111,"SpotPosition(scaled_balance=48640000000000, open_bids=0, open_asks=0, cumulative_deposits=48640000000, market_index=0, balance_type=SpotBalanceType.Deposit(), open_orders=0, padding=ListContainer([0, 0, 0, 0]))","PerpPosition(last_cumulative_funding_rate=0, base_asset_amount=0, quote_asset_amount=0, quote_entry_amount=0, open_bids=0, open_asks=0, settled_pnl=0, lp_shares=0, last_net_base_asset_amount_per_lp=0, last_net_quote_asset_amount_per_lp=0, remainder_base_asset_amount=0, market_index=0, open_orders=0, padding=ListContainer([0]))",0,1,0,1,0,False,False
AY13zkmUVvi9ti2KVPWVhP9EM2ptuFedT3fd4xSQ4PjC,11111111111111111111111111111111,"SpotPosition(scaled_balance=48640000000000, open_bids=0, open_asks=0, cumulative_deposits=48640000000, market_index=0, balance_type=SpotBalanceType.Deposit(), open_orders=0, padding=ListContainer([0, 0, 0, 0]))","PerpPosition(last_cumulative_funding_rate=0, base_asset_amount=0, quote_asset_amount=0, quote_entry_amount=0, open_bids=0, open_asks=0, settled_pnl=0, lp_shares=0, last_net_base_asset_amount_per_lp=0, last_net_quote_asset_amount_per_lp=0, remainder_base_asset_amount=0, market_index=0, open_orders=0, padding=ListContainer([0]))",0,1,0,1,0,False,False
AY13zkmUVvi9ti2KVPWVhP9EM2ptuFedT3fd4xSQ4PjC,11111111111111111111111111111111,"SpotPosition(scaled_balance=48640000000000, open_bids=0, open_asks=0, cumulative_deposits=48640000000, market_index=0, balance_type=SpotBalanceType.Deposit(), open_orders=0, padding=ListContainer([0, 0, 0, 0]))","PerpPosition(last_cumulative_funding_rate=0, base_asset_amount=0, quote_asset_amount=0, quote_entry_amount=0, open_bids=0, open_asks=0, settled_pnl=0, lp_shares=0, last_net_base_asset_amount_per_lp=0, last_net_quote_asset_amount_per_lp=0, remainder_base_asset_amount=0, market_index=0, open_orders=0, padding=ListContainer([0]))",0,1,0,1,0,False,False
AY13zkmUVvi9ti2KVPWVhP9EM2ptuFedT3fd4xSQ4PjC,11111111111111111111111111111111,"SpotPosition(scaled_balance=48640000000000, open_bids=0, open_asks=0, cumulative_deposits=48640000000, market_index=0, balance_type=SpotBalanceType.Deposit(), open_orders=0, padding=ListContainer([0, 0, 0, 0]))","PerpPosition(last_cumulative_funding_rate=0, base_asset_amount=0, quote_asset_amount=0, quote_entry_amount=0, open_bids=0, open_asks=0, settled_pnl=0, lp_shares=0, last_net_base_asset_amount_per_lp=0, last_net_quote_asset_amount_per_lp=0, remainder_base_asset_amount=0, market_index=0, open_orders=0, padding=ListContainer([0]))",0,1,0,1,0,False,False
AY13zkmUVvi9ti2KVPWVhP9EM2ptuFedT3fd4xSQ4PjC,11111111111111111111111111111111,"SpotPosition(scaled_balance=48640000000000, open_bids=0, open_asks=0, cumulative_deposits=48640000000, market_index=0, balance_type=SpotBalanceType.Deposit(), open_orders=0, padding=ListContainer([0, 0, 0, 0]))","PerpPosition(last_cumulative_funding_rate=0, base_asset_amount=0, quote_asset_amount=0, quote_entry_amount=0, open_bids=0, open_asks=0, settled_pnl=0, lp_shares=0, last_net_base_asset_amount_per_lp=0, last_net_quote_asset_amount_per_lp=0, remainder_base_asset_amount=0, market_index=0, open_orders=0, padding=ListContainer([0]))",0,1,0,1,0,False,False
AY13zkmUVvi9ti2KVPWVhP9EM2ptuFedT3fd4xSQ4PjC,11111111111111111111111111111111,"SpotPosition(scaled_balance=48640000000000, open_bids=0, open_asks=0, cumulative_deposits=48640000000, market_index=0, balance_type=SpotBalanceType.Deposit(), open_orders=0, padding=ListContainer([0, 0, 0, 0]))","PerpPosition(last_cumulative_funding_rate=0, base_asset_amount=0, quote_asset_amount=0, quote_entry_amount=0, open_bids=0, open_asks=0, settled_pnl=0, lp_shares=0, last_net_base_asset_amount_per_lp=0, last_net_quote_asset_amount_per_lp=0, remainder_base_asset_amount=0, market_index=0, open_orders=0, padding=ListContainer([0]))",0,1,0,1,0,False,False
AY13zkmUVvi9ti2KVPWVhP9EM2ptuFedT3fd4xSQ4PjC,11111111111111111111111111111111,"SpotPosition(scaled_balance=48640000000000, open_bids=0, open_asks=0, cumulative_deposits=48640000000, market_index=0, balance_type=SpotBalanceType.Deposit(), open_orders=0, padding=ListContainer([0, 0, 0, 0]))","PerpPosition(last_cumulative_funding_rate=0, base_asset_amount=0, quote_asset_amount=0, quote_entry_amount=0, open_bids=0, open_asks=0, settled_pnl=0, lp_shares=0, last_net_base_asset_amount_per_lp=0, last_net_quote_asset_amount_per_lp=0, remainder_base_asset_amount=0, market_index=0, open_orders=0, padding=ListContainer([0]))",0,1,0,1,0,False,False
AY13zkmUVvi9ti2KVPWVhP9EM2ptuFedT3fd4xSQ4PjC,11111111111111111111111111111111,"SpotPosition(scaled_balance=48640000000000, open_bids=0, open_asks=0, cumulative_deposits=48640000000, market_index=0, balance_type=SpotBalanceType.Deposit(), open_orders=0, padding=ListContainer([0, 0, 0, 0]))","PerpPosition(last_cumulative_funding_rate=0, base_asset_amount=0, quote_asset_amount=0, quote_entry_amount=0, open_bids=0, open_asks=0, settled_pnl=0, lp_shares=0, last_net_base_asset_amount_per_lp=0, last_net_quote_asset_amount_per_lp=0, remainder_base_asset_amount=0, market_index=0, open_orders=0, padding=ListContainer([0]))",0,1,0,1,0,False,False
AY13zkmUVvi9ti2KVPWVhP9EM2ptuFedT3fd4xSQ4PjC,11111111111111111111111111111111,"SpotPosition(scaled_balance=48640000000000, open_bids=0, open_asks=0, cumulative_deposits=48640000000, market_index=0, balance_type=SpotBalanceType.Deposit(), open_orders=0, padding=ListContainer([0, 0, 0, 0]))","PerpPosition(last_cumulative_funding_rate=0, base_asset_amount=0, quote_asset_amount=0, quote_entry_amount=0, open_bids=0, open_asks=0, settled_pnl=0, lp_shares=0, last_net_base_asset_amount_per_lp=0, last_net_quote_asset_amount_per_lp=0, remainder_base_asset_amount=0, market_index=0, open_orders=0, padding=ListContainer([0]))",0,1,0,1,0,False,False
AY13zkmUVvi9ti2KVPWVhP9EM2ptuFedT3fd4xSQ4PjC,11111111111111111111111111111111,"SpotPosition(scaled_balance=48640000000000, open_bids=0, open_asks=0, cumulative_deposits=48640000000, market_index=0, balance_type=SpotBalanceType.Deposit(), open_orders=0, padding=ListContainer([0, 0, 0, 0]))","PerpPosition(last_cumulative_funding_rate=0, base_asset_amount=0, quote_asset_amount=0, quote_entry_amount=0, open_bids=0, open_asks=0, settled_pnl=0, lp_shares=0, last_net_base_asset_amount_per_lp=0, last_net_quote_asset_amount_per_lp=0, remainder_base_asset_amount=0, market_index=0, open_orders=0, padding=ListContainer([0]))",0,1,0,1,0,False,False
CVkq6BWPMDfC2ZG679nwrsRjvVnz8hSUQ71h8avL7gyZ,11111111111111111111111111111111,"SpotPosition(scaled_balance=48640000000000, open_bids=0, open_asks=0, cumulative_deposits=48640000000, market_index=0, balance_type=SpotBalanceType.Deposit(), open_orders=0, padding=ListContainer([0, 0, 0, 0]))","PerpPosition(last_cumulative_funding_rate=0, base_asset_amount=0, quote_asset_amount=0, quote_entry_amount=0, open_bids=11184180247600000, open_asks=0, settled_pnl=0, lp_shares=0, last_net_base_asset_amount_per_lp=0, last_net_quote_asset_amount_per_lp=0, remainder_base_asset_amount=0, market_index=0, open_orders=1, padding=ListContainer([0]))",0,2,0,1,0,False,False
CVkq6BWPMDfC2ZG679nwrsRjvVnz8hSUQ71h8avL7gyZ,11111111111111111111111111111111,"SpotPosition(scaled_balance=48640000000000, open_bids=0, open_asks=0, cumulative_deposits=48640000000, market_index=0, balance_type=SpotBalanceType.Deposit(), open_orders=0, padding=ListContainer([0, 0, 0, 0]))","PerpPosition(last_cumulative_funding_rate=0, base_asset_amount=0, quote_asset_amount=0, quote_entry_amount=0, open_bids=11184180247600000, open_asks=0, settled_pnl=0, lp_shares=0, last_net_base_asset_amount_per_lp=0, last_net_quote_asset_amount_per_lp=0, remainder_base_asset_amount=0, market_index=0, open_orders=1, padding=ListContainer([0]))",0,2,0,1,0,False,False
CVkq6BWPMDfC2ZG679nwrsRjvVnz8hSUQ71h8avL7gyZ,11111111111111111111111111111111,"SpotPosition(scaled_balance=48640000000000, open_bids=0, open_asks=0, cumulative_deposits=48640000000, market_index=0, balance_type=SpotBalanceType.Deposit(), open_orders=0, padding=ListContainer([0, 0, 0, 0]))","PerpPosition(last_cumulative_funding_rate=0, base_asset_amount=0, quote_asset_amount=0, quote_entry_amount=0, open_bids=0, open_asks=0, settled_pnl=0, lp_shares=0, last_net_base_asset_amount_per_lp=0, last_net_quote_asset_amount_per_lp=0, remainder_base_asset_amount=0, market_index=0, open_orders=0, padding=ListContainer([0]))",0,2,0,1,0,False,False
CVkq6BWPMDfC2ZG679nwrsRjvVnz8hSUQ71h8avL7gyZ,11111111111111111111111111111111,"SpotPosition(scaled_balance=48640000000000, open_bids=0, open_asks=0, cumulative_deposits=48640000000, market_index=0, balance_type=SpotBalanceType.Deposit(), open_orders=0, padding=ListContainer([0, 0, 0, 0]))","PerpPosition(last_cumulative_funding_rate=0, base_asset_amount=0, quote_asset_amount=0, quote_entry_amount=0, open_bids=0, open_asks=0, settled_pnl=0, lp_shares=0, last_net_base_asset_amount_per_lp=0, last_net_quote_asset_amount_per_lp=0, remainder_base_asset_amount=0, market_index=0, open_orders=0, padding=ListContainer([0]))",0,2,0,1,0,False,False
CVkq6BWPMDfC2ZG679nwrsRjvVnz8hSUQ71h8avL7gyZ,11111111111111111111111111111111,"SpotPosition(scaled_balance=48640000000000, open_bids=0, open_asks=0, cumulative_deposits=48640000000, market_index=0, balance_type=SpotBalanceType.Deposit(), open_orders=0, padding=ListContainer([0, 0, 0, 0]))","PerpPosition(last_cumulative_funding_rate=0, base_asset_amount=0, quote_asset_amount=0, quote_entry_amount=0, open_bids=0, open_asks=0, settled_pnl=0, lp_shares=0, last_net_base_asset_amount_per_lp=0, last_net_quote_asset_amount_per_lp=0, remainder_base_asset_amount=0, market_index=0, open_orders=0, padding=ListContainer([0]))",0,2,0,1,0,False,False
CVkq6BWPMDfC2ZG679nwrsRjvVnz8hSUQ71h8avL7gyZ,11111111111111111111111111111111,"SpotPosition(scaled_balance=48640000000000, open_bids=0, open_asks=0, cumulative_deposits=48640000000, market_index=0, balance_type=SpotBalanceType.Deposit(), open_orders=0, padding=ListContainer([0, 0, 0, 0]))","PerpPosition(last_cumulative_funding_rate=0, base_asset_amount=0, quote_asset_amount=0, quote_entry_amount=0, open_bids=0, open_asks=0, settled_pnl=0, lp_shares=0, last_net_base_asset_amount_per_lp=0, last_net_quote_asset_amount_per_lp=0, remainder_base_asset_amount=0, market_index=0, open_orders=0, padding=ListContainer([0]))",0,2,0,1,0,False,False
CVkq6BWPMDfC2ZG679nwrsRjvVnz8hSUQ71h8avL7gyZ,11111111111111111111111111111111,"SpotPosition(scaled_balance=48640000000000, open_bids=0, open_asks=0, cumulative_deposits=48640000000, market_index=0, balance_type=SpotBalanceType.Deposit(), open_orders=0, padding=ListContainer([0, 0, 0, 0]))","PerpPosition(last_cumulative_funding_rate=0, base_asset_amount=0, quote_asset_amount=0, quote_entry_amount=0, open_bids=0, open_asks=0, settled_pnl=0, lp_shares=0, last_net_base_asset_amount_per_lp=0, last_net_quote_asset_amount_per_lp=0, remainder_base_asset_amount=0, market_index=0, open_orders=0, padding=ListContainer([0]))",0,2,0,1,0,False,False
CVkq6BWPMDfC2ZG679nwrsRjvVnz8hSUQ71h8avL7gyZ,11111111111111111111111111111111,"SpotPosition(scaled_balance=48640000000000, open_bids=0, open_asks=0, cumulative_deposits=48640000000, market_index=0, balance_type=SpotBalanceType.Deposit(), open_orders=0, padding=ListContainer([0, 0, 0, 0]))","PerpPosition(last_cumulative_funding_rate=0, base_asset_amount=0, quote_asset_amount=0, quote_entry_amount=0, open_bids=0, open_asks=0, settled_pnl=0, lp_shares=0, last_net_base_asset_amount_per_lp=0, last_net_quote_asset_amount_per_lp=0, remainder_base_asset_amount=0, market_index=0, open_orders=0, padding=ListContainer([0]))",0,2,0,1,0,False,False
CVkq6BWPMDfC2ZG679nwrsRjvVnz8hSUQ71h8avL7gyZ,11111111111111111111111111111111,"SpotPosition(scaled_balance=48640000000000, open_bids=0, open_asks=0, cumulative_deposits=48640000000, market_index=0, balance_type=SpotBalanceType.Deposit(), open_orders=0, padding=ListContainer([0, 0, 0, 0]))","PerpPosition(last_cumulative_funding_rate=0, base_asset_amount=0, quote_asset_amount=0, quote_entry_amount=0, open_bids=0, open_asks=0, settled_pnl=0, lp_shares=0, last_net_base_asset_amount_per_lp=0, last_net_quote_asset_amount_per_lp=0, remainder_base_asset_amount=0, market_index=0, open_orders=0, padding=ListContainer([0]))",0,2,0,1,0,False,False
CVkq6BWPMDfC2ZG679nwrsRjvVnz8hSUQ71h8avL7gyZ,11111111111111111111111111111111,"SpotPosition(scaled_balance=48640000000000, open_bids=0, open_asks=0, cumulative_deposits=48640000000, market_index=0, balance_type=SpotBalanceType.Deposit(), open_orders=0, padding=ListContainer([0, 0, 0, 0]))","PerpPosition(last_cumulative_funding_rate=0, base_asset_amount=0, quote_asset_amount=0, quote_entry_amount=0, open_bids=0, open_asks=0, settled_pnl=0, lp_shares=0, last_net_base_asset_amount_per_lp=0, last_net_quote_asset_amount_per_lp=0, remainder_base_asset_amount=0, market_index=0, open_orders=0, padding=ListContainer([0]))",0,2,0,1,0,False,False
CVkq6BWPMDfC2ZG679nwrsRjvVnz8hSUQ71h8avL7gyZ,11111111111111111111111111111111,"SpotPosition(scaled_balance=48640000000000, open_bids=0, open_asks=0, cumulative_deposits=48640000000, market_index=0, balance_type=SpotBalanceType.Deposit(), open_orders=0, padding=ListContainer([0, 0, 0, 0]))","PerpPosition(last_cumulative_funding_rate=0, base_asset_amount=0, quote_asset_amount=0, quote_entry_amount=0, open_bids=0, open_asks=0, settled_pnl=0, lp_shares=0, last_net_base_asset_amount_per_lp=0, last_net_quote_asset_amount_per_lp=0, remainder_base_asset_amount=0, market_index=0, open_orders=0, padding=ListContainer([0]))",0,2,0,1,0,False,False
CVkq6BWPMDfC2ZG679nwrsRjvVnz8hSUQ71h8avL7gyZ,11111111111111111111111111111111,"SpotPosition(scaled_balance=48640000000000, open_bids=0, open_asks=0, cumulative_deposits=48640000000, market_index=0, balance_type=SpotBalanceType.Deposit(), open_orders=0, padding=ListContainer([0, 0, 0, 0]))","PerpPosition(last_cumulative_funding_rate=0, base_asset_amount=0, quote_asset_amount=0, quote_entry_amount=0, open_bids=0, open_asks=0, settled_pnl=0, lp_shares=0, last_net_base_asset_amount_per_lp=0, last_net_quote_asset_amount_per_lp=0, remainder_base_asset_amount=0, market_index=0, open_orders=0, padding=ListContainer([0]))",0,2,0,1,0,False,False
CVkq6BWPMDfC2ZG679nwrsRjvVnz8hSUQ71h8avL7gyZ,11111111111111111111111111111111,"SpotPosition(scaled_balance=48640000000000, open_bids=0, open_asks=0, cumulative_deposits=48640000000, market_index=0, balance_type=SpotBalanceType.Deposit(), open_orders=0, padding=ListContainer([0, 0, 0, 0]))","PerpPosition(last_cumulative_funding_rate=0, base_asset_amount=0, quote_asset_amount=0, quote_entry_amount=0, open_bids=0, open_asks=0, settled_pnl=0, lp_shares=0, last_net_base_asset_amount_per_lp=0, last_net_quote_asset_amount_per_lp=0, remainder_base_asset_amount=0, market_index=0, open_orders=0, padding=ListContainer([0]))",0,2,0,1,0,False,False
CVkq6BWPMDfC2ZG679nwrsRjvVnz8hSUQ71h8avL7gyZ,11111111111111111111111111111111,"SpotPosition(scaled_balance=48640000000000, open_bids=0, open_asks=0, cumulative_deposits=48640000000, market_index=0, balance_type=SpotBalanceType.Deposit(), open_orders=0, padding=ListContainer([0, 0, 0, 0]))","PerpPosition(last_cumulative_funding_rate=0, base_asset_amount=0, quote_asset_amount=0, quote_entry_amount=0, open_bids=0, open_asks=0, settled_pnl=0, lp_shares=0, last_net_base_asset_amount_per_lp=0, last_net_quote_asset_amount_per_lp=0, remainder_base_asset_amount=0, market_index=0, open_orders=0, padding=ListContainer([0]))",0,2,0,1,0,False,False
CVkq6BWPMDfC2ZG679nwrsRjvVnz8hSUQ71h8avL7gyZ,11111111111111111111111111111111,"SpotPosition(scaled_balance=48640000000000, open_bids=0, open_asks=0, cumulative_deposits=48640000000, market_index=0, balance_type=SpotBalanceType.Deposit(), open_orders=0, padding=ListContainer([0, 0, 0, 0]))","PerpPosition(last_cumulative_funding_rate=0, base_asset_amount=0, quote_asset_amount=0, quote_entry_amount=0, open_bids=0, open_asks=0, settled_pnl=0, lp_shares=0, last_net_base_asset_amount_per_lp=0, last_net_quote_asset_amount_per_lp=0, remainder_base_asset_amount=0, market_index=0, open_orders=0, padding=ListContainer([0]))",0,2,0,1,0,False,False
CVkq6BWPMDfC2ZG679nwrsRjvVnz8hSUQ71h8avL7gyZ,11111111111111111111111111111111,"SpotPosition(scaled_balance=48640000000000, open_bids=0, open_asks=0, cumulative_deposits=48640000000, market_index=0, balance_type=SpotBalanceType.Deposit(), open_orders=0, padding=ListContainer([0, 0, 0, 0]))","PerpPosition(last_cumulative_funding_rate=0, base_asset_amount=0, quote_asset_amount=0, quote_entry_amount=0, open_bids=0, open_asks=0, settled_pnl=0, lp_shares=0, last_net_base_asset_amount_per_lp=0, last_net_quote_asset_amount_per_lp=0, remainder_base_asset_amount=0, market_index=0, open_orders=0, padding=ListContainer([0]))",0,2,0,1,0,False,False
CVkq6BWPMDfC2ZG679nwrsRjvVnz8hSUQ71h8avL7gyZ,11111111111111111111111111111111,"SpotPosition(scaled_balance=48640000000000, open_bids=0, open_asks=0, cumulative_deposits=48640000000, market_index=0, balance_type=SpotBalanceType.Deposit(), open_orders=0, padding=ListContainer([0, 0, 0, 0]))","PerpPosition(last_cumulative_funding_rate=0, base_asset_amount=0, quote_asset_amount=0, quote_entry_amount=0, open_bids=0, open_asks=0, settled_pnl=0, lp_shares=0, last_net_base_asset_amount_per_lp=0, last_net_quote_asset_amount_per_lp=0, remainder_base_asset_amount=0, market_index=0, open_orders=0, padding=ListContainer([0]))",0,2,0,1,0,False,False
CVkq6BWPMDfC2ZG679nwrsRjvVnz8hSUQ71h8avL7gyZ,11111111111111111111111111111111,"SpotPosition(scaled_balance=48640000000000, open_bids=0, open_asks=0, cumulative_deposits=48640000000, market_index=0, balance_type=SpotBalanceType.Deposit(), open_orders=0, padding=ListContainer([0, 0, 0, 0]))","PerpPosition(last_cumulative_funding_rate=0, base_asset_amount=0, quote_asset_amount=0, quote_entry_amount=0, open_bids=0, open_asks=0, settled_pnl=0, lp_shares=0, last_net_base_asset_amount_per_lp=0, last_net_quote_asset_amount_per_lp=0, remainder_base_asset_amount=0, market_index=0, open_orders=0, padding=ListContainer([0]))",0,2,0,1,0,False,False
CVkq6BWPMDfC2ZG679nwrsRjvVnz8hSUQ71h8avL7gyZ,11111111111111111111111111111111,"SpotPosition(scaled_balance=48640000000000, open_bids=0, open_asks=0, cumulative_deposits=48640000000, market_index=0, balance_type=SpotBalanceType.Deposit(), open_orders=0, padding=ListContainer([0, 0, 0, 0]))","PerpPosition(last_cumulative_funding_rate=0, base_asset_amount=0, quote_asset_amount=0, quote_entry_amount=0, open_bids=0, open_asks=0, settled_pnl=0, lp_shares=0, last_net_base_asset_amount_per_lp=0, last_net_quote_asset_amount_per_lp=0, remainder_base_asset_amount=0, market_index=0, open_orders=0, padding=ListContainer([0]))",0,2,0,1,0,False,False
CVkq6BWPMDfC2ZG679nwrsRjvVnz8hSUQ71h8avL7gyZ,11111111111111111111111111111111,"SpotPosition(scaled_balance=48640000000000, open_bids=0, open_asks=0, cumulative_deposits=48640000000, market_index=0, balance_type=SpotBalanceType.Deposit(), open_orders=0, padding=ListContainer([0, 0, 0, 0]))","PerpPosition(last_cumulative_funding_rate=0, base_asset_amount=0, quote_asset_amount=0, quote_entry_amount=0, open_bids=0, open_asks=0, settled_pnl=0, lp_shares=0, last_net_base_asset_amount_per_lp=0, last_net_quote_asset_amount_per_lp=0, remainder_base_asset_amount=0, market_index=0, open_orders=0, padding=ListContainer([0]))",0,2,0,1,0,False,False
CVkq6BWPMDfC2ZG679nwrsRjvVnz8hSUQ71h8avL7gyZ,11111111111111111111111111111111,"SpotPosition(scaled_balance=48640000000000, open_bids=0, open_asks=0, cumulative_deposits=48640000000, market_index=0, balance_type=SpotBalanceType.Deposit(), open_orders=0, padding=ListContainer([0, 0, 0, 0]))","PerpPosition(last_cumulative_funding_rate=0, base_asset_amount=0, quote_asset_amount=0, quote_entry_amount=0, open_bids=0, open_asks=0, settled_pnl=0, lp_shares=0, last_net_base_asset_amount_per_lp=0, last_net_quote_asset_amount_per_lp=0, remainder_base_asset_amount=0, market_index=0, open_orders=0, padding=ListContainer([0]))",0,2,0,1,0,False,False
CVkq6BWPMDfC2ZG679nwrsRjvVnz8hSUQ71h8avL7gyZ,11111111111111111111111111111111,"SpotPosition(scaled_balance=0, open_bids=0, open_asks=0, cumulative_deposits=0, market_index=0, balance_type=SpotBalanceType.Deposit(), open_orders=0, padding=ListContainer([0, 0, 0, 0]))","PerpPosition(last_cumulative_funding_rate=0, base_asset_amount=0, quote_asset_amount=0, quote_entry_amount=0, open_bids=0, open_asks=0, settled_pnl=0, lp_shares=0, last_net_base_asset_amount_per_lp=0, last_net_quote_asset_amount_per_lp=0, remainder_base_asset_amount=0, market_index=0, open_orders=0, padding=ListContainer([0]))",0,2,0,1,0,False,False
4xF1nKWk9E7GfgtGDCySRMWuFekozyDDwxQ6N8aQnBuV,11111111111111111111111111111111,"SpotPosition(scaled_balance=48640000000000, open_bids=0, open_asks=0, cumulative_deposits=48640000000, market_index=0, balance_type=SpotBalanceType.Deposit(), open_orders=0, padding=ListContainer([0, 0, 0, 0]))","PerpPosition(last_cumulative_funding_rate=0, base_asset_amount=0, quote_asset_amount=0, quote_entry_amount=0, open_bids=11184180247600000, open_asks=0, settled_pnl=0, lp_shares=0, last_net_base_asset_amount_per_lp=0, last_net_quote_asset_amount_per_lp=0, remainder_base_asset_amount=0, market_index=0, open_orders=1, padding=ListContainer([0]))",0,2,0,1,0,False,False
4xF1nKWk9E7GfgtGDCySRMWuFekozyDDwxQ6N8aQnBuV,11111111111111111111111111111111,"SpotPosition(scaled_balance=48640000000000, open_bids=0, open_asks=0, cumulative_deposits=48640000000, market_index=0, balance_type=SpotBalanceType.Deposit(), open_orders=0, padding=ListContainer([0, 0, 0, 0]))","PerpPosition(last_cumulative_funding_rate=0, base_asset_amount=0, quote_asset_amount=0, quote_entry_amount=0, open_bids=11184180247600000, open_asks=0, settled_pnl=0, lp_shares=0, last_net_base_asset_amount_per_lp=0, last_net_quote_asset_amount_per_lp=0, remainder_base_asset_amount=0, market_index=0, open_orders=1, padding=ListContainer([0]))",0,2,0,1,0,False,False
4xF1nKWk9E7GfgtGDCySRMWuFekozyDDwxQ6N8aQnBuV,11111111111111111111111111111111,"SpotPosition(scaled_balance=48640000000000, open_bids=0, open_asks=0, cumulative_deposits=48640000000, market_index=0, balance_type=SpotBalanceType.Deposit(), open_orders=0, padding=ListContainer([0, 0, 0, 0]))","PerpPosition(last_cumulative_funding_rate=0, base_asset_amount=0, quote_asset_amount=0, quote_entry_amount=0, open_bids=0, open_asks=0, settled_pnl=0, lp_shares=0, last_net_base_asset_amount_per_lp=0, last_net_quote_asset_amount_per_lp=0, remainder_base_asset_amount=0, market_index=0, open_orders=0, padding=ListContainer([0]))",0,2,0,1,0,False,False
4xF1nKWk9E7GfgtGDCySRMWuFekozyDDwxQ6N8aQnBuV,11111111111111111111111111111111,"SpotPosition(scaled_balance=48640000000000, open_bids=0, open_asks=0, cumulative_deposits=48640000000, market_index=0, balance_type=SpotBalanceType.Deposit(), open_orders=0, padding=ListContainer([0, 0, 0, 0]))","PerpPosition(last_cumulative_funding_rate=0, base_asset_amount=0, quote_asset_amount=0, quote_entry_amount=0, open_bids=0, open_asks=0, settled_pnl=0, lp_shares=0, last_net_base_asset_amount_per_lp=0, last_net_quote_asset_amount_per_lp=0, remainder_base_asset_amount=0, market_index=0, open_orders=0, padding=ListContainer([0]))",0,2,0,1,0,False,False
4xF1nKWk9E7GfgtGDCySRMWuFekozyDDwxQ6N8aQnBuV,11111111111111111111111111111111,"SpotPosition(scaled_balance=48640000000000, open_bids=0, open_asks=0, cumulative_deposits=48640000000, market_index=0, balance_type=SpotBalanceType.Deposit(), open_orders=0, padding=ListContainer([0, 0, 0, 0]))","PerpPosition(last_cumulative_funding_rate=0, base_asset_amount=0, quote_asset_amount=0, quote_entry_amount=0, open_bids=0, open_asks=0, settled_pnl=0, lp_shares=0, last_net_base_asset_amount_per_lp=0, last_net_quote_asset_amount_per_lp=0, remainder_base_asset_amount=0, market_index=0, open_orders=0, padding=ListContainer([0]))",0,2,0,1,0,False,False
4xF1nKWk9E7GfgtGDCySRMWuFekozyDDwxQ6N8aQnBuV,11111111111111111111111111111111,"SpotPosition(scaled_balance=48640000000000, open_bids=0, open_asks=0, cumulative_deposits=48640000000, market_index=0, balance_type=SpotBalanceType.Deposit(), open_orders=0, padding=ListContainer([0, 0, 0, 0]))","PerpPosition(last_cumulative_funding_rate=0, base_asset_amount=0, quote_asset_amount=0, quote_entry_amount=0, open_bids=0, open_asks=0, settled_pnl=0, lp_shares=0, last_net_base_asset_amount_per_lp=0, last_net_quote_asset_amount_per_lp=0, remainder_base_asset_amount=0, market_index=0, open_orders=0, padding=ListContainer([0]))",0,2,0,1,0,False,False
4xF1nKWk9E7GfgtGDCySRMWuFekozyDDwxQ6N8aQnBuV,11111111111111111111111111111111,"SpotPosition(scaled_balance=48640000000000, open_bids=0, open_asks=0, cumulative_deposits=48640000000, market_index=0, balance_type=SpotBalanceType.Deposit(), open_orders=0, padding=ListContainer([0, 0, 0, 0]))","PerpPosition(last_cumulative_funding_rate=0, base_asset_amount=0, quote_asset_amount=0, quote_entry_amount=0, open_bids=0, open_asks=0, settled_pnl=0, lp_shares=0, last_net_base_asset_amount_per_lp=0, last_net_quote_asset_amount_per_lp=0, remainder_base_asset_amount=0, market_index=0, open_orders=0, padding=ListContainer([0]))",0,2,0,1,0,False,False
4xF1nKWk9E7GfgtGDCySRMWuFekozyDDwxQ6N8aQnBuV,11111111111111111111111111111111,"SpotPosition(scaled_balance=48640000000000, open_bids=0, open_asks=0, cumulative_deposits=48640000000, market_index=0, balance_type=SpotBalanceType.Deposit(), open_orders=0, padding=ListContainer([0, 0, 0, 0]))","PerpPosition(last_cumulative_funding_rate=0, base_asset_amount=0, quote_asset_amount=0, quote_entry_amount=0, open_bids=0, open_asks=0, settled_pnl=0, lp_shares=0, last_net_base_asset_amount_per_lp=0, last_net_quote_asset_amount_per_lp=0, remainder_base_asset_amount=0, market_index=0, open_orders=0, padding=ListContainer([0]))",0,2,0,1,0,False,False
4xF1nKWk9E7GfgtGDCySRMWuFekozyDDwxQ6N8aQnBuV,11111111111111111111111111111111,"SpotPosition(scaled_balance=48640000000000, open_bids=0, open_asks=0, cumulative_deposits=48640000000, market_index=0, balance_type=SpotBalanceType.Deposit(), open_orders=0, padding=ListContainer([0, 0, 0, 0]))","PerpPosition(last_cumulative_funding_rate=0, base_asset_amount=0, quote_asset_amount=0, quote_entry_amount=0, open_bids=0, open_asks=0, settled_pnl=0, lp_shares=0, last_net_base_asset_amount_per_lp=0, last_net_quote_asset_amount_per_lp=0, remainder_base_asset_amount=0, market_index=0, open_orders=0, padding=ListContainer([0]))",0,2,0,1,0,False,False
4xF1nKWk9E7GfgtGDCySRMWuFekozyDDwxQ6N8aQnBuV,11111111111111111111111111111111,"SpotPosition(scaled_balance=48640000000000, open_bids=0, open_asks=0, cumulative_deposits=48640000000, market_index=0, balance_type=SpotBalanceType.Deposit(), open_orders=0, padding=ListContainer([0, 0, 0, 0]))","PerpPosition(last_cumulative_funding_rate=0, base_asset_amount=0, quote_asset_amount=0, quote_entry_amount=0, open_bids=0, open_asks=0, settled_pnl=0, lp_shares=0, last_net_base_asset_amount_per_lp=0, last_net_quote_asset_amount_per_lp=0, remainder_base_asset_amount=0, market_index=0, open_orders=0, padding=ListContainer([0]))",0,2,0,1,0,False,False
4xF1nKWk9E7GfgtGDCySRMWuFekozyDDwxQ6N8aQnBuV,11111111111111111111111111111111,"SpotPosition(scaled_balance=48640000000000, open_bids=0, open_asks=0, cumulative_deposits=48640000000, market_index=0, balance_type=SpotBalanceType.Deposit(), open_orders=0, padding=ListContainer([0, 0, 0, 0]))","PerpPosition(last_cumulative_funding_rate=0, base_asset_amount=0, quote_asset_amount=0, quote_entry_amount=0, open_bids=0, open_asks=0, settled_pnl=0, lp_shares=0, last_net_base_asset_amount_per_lp=0, last_net_quote_asset_amount_per_lp=0, remainder_base_asset_amount=0, market_index=0, open_orders=0, padding=ListContainer([0]))",0,2,0,1,0,False,False
4xF1nKWk9E7GfgtGDCySRMWuFekozyDDwxQ6N8aQnBuV,11111111111111111111111111111111,"SpotPosition(scaled_balance=48640000000000, open_bids=0, open_asks=0, cumulative_deposits=48640000000, market_index=0, balance_type=SpotBalanceType.Deposit(), open_orders=0, padding=ListContainer([0, 0, 0, 0]))","PerpPosition(last_cumulative_funding_rate=0, base_asset_amount=0, quote_asset_amount=0, quote_entry_amount=0, open_bids=0, open_asks=0, settled_pnl=0, lp_shares=0, last_net_base_asset_amount_per_lp=0, last_net_quote_asset_amount_per_lp=0, remainder_base_asset_amount=0, market_index=0, open_orders=0, padding=ListContainer([0]))",0,2,0,1,0,False,False
4xF1nKWk9E7GfgtGDCySRMWuFekozyDDwxQ6N8aQnBuV,11111111111111111111111111111111,"SpotPosition(scaled_balance=48640000000000, open_bids=0, open_asks=0, cumulative_deposits=48640000000, market_index=0, balance_type=SpotBalanceType.Deposit(), open_orders=0, padding=ListContainer([0, 0, 0, 0]))","PerpPosition(last_cumulative_funding_rate=0, base_asset_amount=0, quote_asset_amount=0, quote_entry_amount=0, open_bids=0, open_asks=0, settled_pnl=0, lp_shares=0, last_net_base_asset_amount_per_lp=0, last_net_quote_asset_amount_per_lp=0, remainder_base_asset_amount=0, market_index=0, open_orders=0, padding=ListContainer([0]))",0,2,0,1,0,False,False
4xF1nKWk9E7GfgtGDCySRMWuFekozyDDwxQ6N8aQnBuV,11111111111111111111111111111111,"SpotPosition(scaled_balance=48640000000000, open_bids=0, open_asks=0, cumulative_deposits=48640000000, market_index=0, balance_type=SpotBalanceType.Deposit(), open_orders=0, padding=ListContainer([0, 0, 0, 0]))","PerpPosition(last_cumulative_funding_rate=0, base_asset_amount=0, quote_asset_amount=0, quote_entry_amount=0, open_bids=0, open_asks=0, settled_pnl=0, lp_shares=0, last_net_base_asset_amount_per_lp=0, last_net_quote_asset_amount_per_lp=0, remainder_base_asset_amount=0, market_index=0, open_orders=0, padding=ListContainer([0]))",0,2,0,1,0,False,False
4xF1nKWk9E7GfgtGDCySRMWuFekozyDDwxQ6N8aQnBuV,11111111111111111111111111111111,"SpotPosition(scaled_balance=48640000000000, open_bids=0, open_asks=0, cumulative_deposits=48640000000, market_index=0, balance_type=SpotBalanceType.Deposit(), open_orders=0, padding=ListContainer([0, 0, 0, 0]))","PerpPosition(last_cumulative_funding_rate=0, base_asset_amount=0, quote_asset_amount=0, quote_entry_amount=0, open_bids=0, open_asks=0, settled_pnl=0, lp_shares=0, last_net_base_asset_amount_per_lp=0, last_net_quote_asset_amount_per_lp=0, remainder_base_asset_amount=0, market_index=0, open_orders=0, padding=ListContainer([0]))",0,2,0,1,0,False,False
